,status,pnl,duration,dd,open,close,entry,exit,ddtms,ddv,created_at,side,tx,txi
7,closed,0.006,210.0,-0.009882018601446779,1659313800000,1659326400000,23365.0,23224.0,1659319320000,23453.5,2022-08-01 00:00:00,sell,1m,-3
6,closed,0.0061,94.0,-0.010999358014123689,1659335160000,1659340800000,23224.0,23365.0,1659338160000,23108.0,2022-08-01 00:00:00,buy,1m,-4
20,closed,0.0061,216.0,-0.012732892216611526,1659486240000,1659499200000,22833.0,22972.0,1659488700000,22679.5,2022-08-03 00:00:00,buy,1m,-4
21,closed,0.0059,716.0,-0.029731847466480932,1659513840000,1659556800000,23109.5,22972.0,1659528900000,23655.0,2022-08-03 00:00:00,sell,1m,-2
22,closed,0.0053,665.0,-0.023605010926242453,1659516900000,1659556800000,23232.5,23109.5,1659528900000,23655.0,2022-08-03 00:00:00,sell,1m,2
23,closed,0.0053,163.0,-0.010631658237382977,1659518220000,1659528000000,23356.0,23232.5,1659524760000,23479.5,2022-08-03 00:00:00,sell,1m,3
24,closed,0.0048,5.0,-0.005287720500085631,1659524760000,1659525060000,23467.5,23356.0,1659524760000,23479.5,2022-08-03 00:00:00,sell,1m,4
8,closed,0.006,15.0,-0.012411726942007276,1659528900000,1659529800000,23506.0,23365.0,1659528900000,23655.0,2022-08-01 00:00:00,sell,1m,-2
25,closed,0.0073,13.0,-0.00798977309044423,1659528900000,1659529680000,23640.5,23467.5,1659528900000,23655.0,2022-08-03 00:00:00,sell,15m,2
19,closed,0.0085,433.0,-0.02115359348311654,1659631620000,1659657600000,22640.5,22833.0,1659636780000,22350.0,2022-08-03 00:00:00,buy,15m,-4
5,closed,0.0382,587.0,-0.03763348260420255,1659636780000,1659672000000,22368.5,23224.0,1659636780000,22350.0,2022-08-01 00:00:00,buy,15m,-2
37,closed,0.0084,20298.0,-0.11935856432125089,1659663720000,1660881600000,22703.0,22512.0,1660533420000,25199.0,2022-08-05 00:00:00,sell,1m,2
38,closed,0.0083,7080.0,-0.06754613927674756,1659664800000,1660089600000,22893.0,22703.0,1659960540000,24236.5,2022-08-05 00:00:00,sell,1m,3
39,closed,0.0035,570.0,-0.023325907482636615,1659666600000,1659700800000,22974.0,22893.0,1659679500000,23427.0,2022-08-05 00:00:00,sell,1m,4
40,closed,0.0029,570.0,-0.019717942021415514,1659666600000,1659700800000,23041.0,22974.0,1659679500000,23427.0,2022-08-05 00:00:00,sell,15m,-2
55,closed,0.0034,35.0,-0.006464575871407355,1659831000000,1659833100000,22971.5,22894.0,1659832920000,23042.0,2022-08-07 00:00:00,sell,1m,-3
54,closed,0.0034,66.0,-0.005463291469864832,1659833640000,1659837600000,22894.0,22971.5,1659833880000,22846.0,2022-08-07 00:00:00,buy,1m,-4
56,closed,0.0045,2879.0,-0.05506823672811963,1659873660000,1660046400000,23076.0,22971.5,1659960540000,24236.5,2022-08-07 00:00:00,sell,1m,-2
57,closed,0.0043,35.0,-0.004810192407696308,1659878700000,1659880800000,23176.0,23076.0,1659878700000,23187.0,2022-08-07 00:00:00,sell,1m,2
58,closed,0.0021,47.0,-0.0048541594753192955,1659892380000,1659895200000,23224.5,23176.0,1659892380000,23288.5,2022-08-07 00:00:00,sell,1m,3
59,closed,0.0014,1.0,-0.002755710564274796,1659892380000,1659892440000,23257.5,23224.5,1659892380000,23288.5,2022-08-07 00:00:00,sell,1m,4
60,closed,0.0017,57.0,-0.00563259163710631,1659906180000,1659909600000,23297.5,23257.5,1659906420000,23388.5,2022-08-07 00:00:00,sell,15m,2
61,closed,0.0056,1574.0,-0.04030475372894087,1659937560000,1660032000000,23429.5,23297.5,1659960540000,24236.5,2022-08-07 00:00:00,sell,15m,3
62,closed,0.0095,1530.0,-0.03444375680232186,1659940200000,1660032000000,23655.0,23429.5,1659960540000,24236.5,2022-08-07 00:00:00,sell,15m,4
63,closed,0.0003,9.0,-0.004016064257028112,1659940200000,1659940740000,23662.5,23655.0,1659940260000,23750.0,2022-08-07 00:00:00,sell,1h,3
41,closed,0.026,1770.0,-0.051885768846838244,1659940200000,1660046400000,23655.0,23041.0,1659960540000,24236.5,2022-08-05 00:00:00,sell,15m,2
9,closed,0.0078,1530.0,-0.031077171785926998,1659940200000,1660032000000,23690.0,23506.0,1659960540000,24236.5,2022-08-01 00:00:00,sell,1m,2
10,closed,0.0116,691.0,-0.02306880540312368,1659947340000,1659988800000,23967.0,23690.0,1659960540000,24236.5,2022-08-01 00:00:00,sell,1m,3
11,closed,0.0089,175.0,-0.011244628030208204,1659960300000,1659970800000,24182.5,23967.0,1659960540000,24236.5,2022-08-01 00:00:00,sell,1m,4
42,closed,0.0218,715.0,-0.024582540689072077,1659960300000,1660003200000,24182.5,23655.0,1659960540000,24236.5,2022-08-05 00:00:00,sell,15m,3
76,closed,0.0028,4.0,-0.00423799932863377,1660003860000,1660004100000,23765.0,23832.0,1660003860000,23731.0,2022-08-09 00:00:00,buy,1m,-3
77,closed,0.0028,39.0,-0.004081632653061225,1660004460000,1660006800000,23832.0,23765.0,1660005240000,23862.0,2022-08-09 00:00:00,sell,1m,-2
75,closed,0.0038,5.0,-0.0059330948874395115,1660011000000,1660011300000,23675.5,23765.0,1660011300000,23624.0,2022-08-09 00:00:00,buy,1m,-4
74,closed,0.0017,1.0,-0.0021752444510147622,1660011300000,1660011360000,23635.0,23675.5,1660011300000,23624.0,2022-08-09 00:00:00,buy,15m,2
73,closed,0.0255,1324.0,-0.047133488470488684,1660053360000,1660132800000,23048.0,23635.0,1660092000000,22521.0,2022-08-09 00:00:00,buy,15m,-2
53,closed,0.0028,20.0,-0.016292478378614483,1660092000000,1660093200000,22829.5,22894.0,1660092000000,22521.0,2022-08-07 00:00:00,buy,15m,-2
52,closed,0.0066,20.0,-0.013513217547471474,1660092000000,1660093200000,22679.5,22829.5,1660092000000,22521.0,2022-08-07 00:00:00,buy,15m,-3
72,closed,0.0148,440.0,-0.022865324540090246,1660092000000,1660118400000,22711.0,23048.0,1660092000000,22521.0,2022-08-09 00:00:00,buy,15m,-3
78,closed,0.0035,6.0,-0.006482880161127896,1660135620000,1660135980000,23915.0,23832.0,1660135620000,23986.5,2022-08-09 00:00:00,sell,1m,2
79,closed,0.003,1.0,-0.0029897553836504285,1660135620000,1660135680000,23986.0,23915.0,1660135620000,23986.5,2022-08-09 00:00:00,sell,1m,3
80,closed,0.0042,2.0,-0.004273326106895689,1660136640000,1660136760000,24087.5,23986.0,1660136640000,24088.5,2022-08-09 00:00:00,sell,1m,4
96,closed,0.0073,1184.0,-0.04535456164240075,1660176960000,1660248000000,24043.0,23867.5,1660221000000,24950.0,2022-08-11 00:00:00,sell,1m,3
98,closed,0.0006,35.0,-0.01060975106303926,1660181100000,1660183200000,24236.5,24223.0,1660182660000,24480.0,2022-08-11 00:00:00,sell,15m,4
97,closed,0.0074,1115.0,-0.03772407769413135,1660181100000,1660248000000,24223.0,24043.0,1660221000000,24950.0,2022-08-11 00:00:00,sell,1m,4
81,closed,0.0061,875.0,-0.03580695381421899,1660181100000,1660233600000,24236.5,24087.5,1660221000000,24950.0,2022-08-09 00:00:00,sell,15m,4
12,closed,0.0038,35.0,-0.012302284710017574,1660181100000,1660183200000,24275.0,24182.5,1660182660000,24480.0,2022-08-01 00:00:00,sell,15m,3
26,closed,0.0261,1835.0,-0.05539222943677164,1660181100000,1660291200000,24275.0,23640.5,1660221000000,24950.0,2022-08-03 00:00:00,sell,15m,3
43,closed,0.0147,661.0,-0.03173782694096971,1660193940000,1660233600000,24542.5,24182.5,1660221000000,24950.0,2022-08-05 00:00:00,sell,15m,4
64,closed,0.0418,1468.0,-0.054410987849973586,1660203120000,1660291200000,24695.0,23662.5,1660221000000,24950.0,2022-08-07 00:00:00,sell,1h,4
99,closed,0.0186,508.0,-0.029439069172529038,1660203120000,1660233600000,24695.0,24236.5,1660221000000,24950.0,2022-08-11 00:00:00,sell,1h,4
82,closed,0.0186,508.0,-0.029439069172529038,1660203120000,1660233600000,24695.0,24236.5,1660221000000,24950.0,2022-08-09 00:00:00,sell,1h,4
13,closed,0.017,268.0,-0.01909371781668383,1660203120000,1660219200000,24695.0,24275.0,1660203120000,24738.5,2022-08-01 00:00:00,sell,15m,4
27,closed,0.017,268.0,-0.01909371781668383,1660203120000,1660219200000,24695.0,24275.0,1660203120000,24738.5,2022-08-03 00:00:00,sell,15m,4
44,closed,0.0062,3.0,-0.007986146480594886,1660203120000,1660203300000,24695.0,24542.5,1660203120000,24738.5,2022-08-05 00:00:00,sell,1h,4
83,closed,0.0098,3.0,-0.010325976918404535,1660221000000,1660221180000,24938.5,24695.0,1660221000000,24950.0,2022-08-09 00:00:00,sell,4h,2
100,closed,0.0098,3.0,-0.010325976918404535,1660221000000,1660221180000,24938.5,24695.0,1660221000000,24950.0,2022-08-11 00:00:00,sell,4h,2
28,closed,0.0098,3.0,-0.010325976918404535,1660221000000,1660221180000,24938.5,24695.0,1660221000000,24950.0,2022-08-03 00:00:00,sell,4h,2
65,closed,0.0098,3.0,-0.010325976918404535,1660221000000,1660221180000,24938.5,24695.0,1660221000000,24950.0,2022-08-07 00:00:00,sell,4h,2
14,closed,0.0098,3.0,-0.010325976918404535,1660221000000,1660221180000,24938.5,24695.0,1660221000000,24950.0,2022-08-01 00:00:00,sell,4h,2
45,closed,0.0098,3.0,-0.010325976918404535,1660221000000,1660221180000,24938.5,24695.0,1660221000000,24950.0,2022-08-05 00:00:00,sell,4h,2
95,closed,0.0074,60.0,-0.008027284448696086,1660258800000,1660262400000,23867.5,24043.0,1660259340000,23850.0,2022-08-11 00:00:00,buy,1m,2
94,closed,0.0034,1.0,-0.004085052896197759,1660263240000,1660263300000,23786.0,23867.5,1660263300000,23770.0,2022-08-11 00:00:00,buy,1m,-2
93,closed,0.007,22.0,-0.009627511981838055,1660304280000,1660305600000,23620.0,23786.0,1660304340000,23557.0,2022-08-11 00:00:00,buy,1m,-3
113,closed,0.004,14.0,-0.004441260744985674,1660349760000,1660350600000,24332.0,24430.0,1660350180000,24321.5,2022-08-13 00:00:00,buy,1m,3
114,closed,0.004,436.0,-0.021987506164721355,1660351440000,1660377600000,24430.0,24332.0,1660371360000,24867.0,2022-08-13 00:00:00,sell,1m,4
115,closed,0.002,1.0,-0.002537863282848956,1660352340000,1660352400000,24480.0,24430.0,1660352400000,24492.0,2022-08-13 00:00:00,sell,15m,3
116,closed,0.0188,275.0,-0.022508169934640523,1660461900000,1660478400000,24950.0,24480.0,1660463400000,25031.0,2022-08-13 00:00:00,sell,15m,4
112,closed,0.0053,178.0,-0.009164885747164227,1660496520000,1660507200000,24203.0,24332.0,1660500180000,24109.0,2022-08-13 00:00:00,buy,1m,2
126,closed,0.0038,28.0,-0.008944507128936302,1660521720000,1660523400000,24279.5,24372.5,1660522620000,24154.5,2022-08-15 00:00:00,buy,1m,-2
125,closed,0.0026,7.0,-0.003809798389587924,1660522080000,1660522500000,24216.0,24279.5,1660522260000,24187.0,2022-08-15 00:00:00,buy,1m,-3
127,closed,0.0038,205.0,-0.03787145534298482,1660523700000,1660536000000,24372.5,24279.5,1660533420000,25199.0,2022-08-15 00:00:00,sell,1m,2
128,closed,0.0026,149.0,-0.03391117037644887,1660527060000,1660536000000,24435.5,24372.5,1660533420000,25199.0,2022-08-15 00:00:00,sell,1m,3
129,closed,0.0042,139.0,-0.03124552393034724,1660527660000,1660536000000,24539.0,24435.5,1660533420000,25199.0,2022-08-15 00:00:00,sell,1m,4
130,closed,0.006,112.0,-0.02689596153062472,1660529280000,1660536000000,24688.0,24539.0,1660533420000,25199.0,2022-08-15 00:00:00,sell,15m,3
131,closed,0.0137,48.0,-0.020698314970836032,1660533120000,1660536000000,25031.0,24688.0,1660533420000,25199.0,2022-08-15 00:00:00,sell,15m,4
111,closed,0.0047,62.0,-0.011114324670495394,1660546680000,1660550400000,24090.0,24203.0,1660549140000,23934.0,2022-08-13 00:00:00,buy,1m,-2
124,closed,0.0044,62.0,-0.011645193260654113,1660546680000,1660550400000,24109.0,24216.0,1660549140000,23934.0,2022-08-15 00:00:00,buy,1m,-4
110,closed,0.0025,2.0,-0.0035284350352843504,1660547580000,1660547700000,24029.5,24090.0,1660547700000,24005.0,2022-08-13 00:00:00,buy,1m,-3
123,closed,0.0042,45.0,-0.0072587000705130866,1660547700000,1660550400000,24008.0,24109.0,1660549140000,23934.0,2022-08-15 00:00:00,buy,15m,-2
109,closed,0.004,1.0,-0.0045568988118770675,1660551240000,1660551300000,23934.0,24029.5,1660551240000,23920.0,2022-08-13 00:00:00,buy,1m,-4
141,closed,0.0075,224.0,-0.012449267133514184,1660695360000,1660708800000,23957.0,23776.5,1660705920000,24072.5,2022-08-17 00:00:00,sell,1m,2
142,closed,0.0015,3.0,-0.0028175481070250867,1660695480000,1660695660000,23993.0,23957.0,1660695540000,24024.5,2022-08-17 00:00:00,sell,1m,3
143,closed,0.0022,33.0,-0.0033134664277080813,1660705920000,1660707900000,24045.0,23993.0,1660705920000,24072.5,2022-08-17 00:00:00,sell,1m,4
140,closed,0.0076,1.0,-0.012814626205284467,1660721100000,1660721160000,23776.5,23957.0,1660721100000,23650.0,2022-08-17 00:00:00,buy,1m,-2
138,closed,0.0018,1.0,-0.00307718248113645,1660721100000,1660721160000,23680.0,23723.0,1660721100000,23650.0,2022-08-17 00:00:00,buy,1m,-4
139,closed,0.0023,1.0,-0.005320379366180893,1660721100000,1660721160000,23723.0,23776.5,1660721100000,23650.0,2022-08-17 00:00:00,buy,1m,-3
137,closed,0.0052,13.0,-0.006756756756756757,1660738620000,1660739400000,23557.0,23680.0,1660738620000,23520.0,2022-08-17 00:00:00,buy,15m,-4
92,open,-0.2721,167659.0,-0.34631668077900085,1660743660000,1670803200000,23463.5,23620.0,1669067520000,15440.0,2022-08-11 00:00:00,buy,1m,-4
122,open,-0.2721,167659.0,-0.35688103965344886,1660743660000,1670803200000,23463.5,24008.0,1669067520000,15440.0,2022-08-15 00:00:00,buy,15m,-3
108,open,-0.2701,167653.0,-0.35489262137544914,1660744020000,1670803200000,23398.0,23934.0,1669067520000,15440.0,2022-08-13 00:00:00,buy,15m,-2
91,closed,0.0114,237.0,-0.01267926779892173,1660766580000,1660780800000,23200.0,23463.5,1660766580000,23166.0,2022-08-11 00:00:00,buy,15m,-2
107,open,-0.2621,165638.0,-0.3401145397042482,1660864920000,1670803200000,23145.5,23398.0,1669067520000,15440.0,2022-08-13 00:00:00,buy,15m,-3
148,open,-0.2607,165591.0,-0.33531361659993975,1660867740000,1670803200000,23100.0,23229.0,1669067520000,15440.0,2022-08-19 00:00:00,buy,1m,-4
90,open,-0.2582,165589.0,-0.33448275862068966,1660867860000,1670803200000,23023.0,23200.0,1669067520000,15440.0,2022-08-11 00:00:00,buy,15m,-3
147,open,-0.2491,165511.0,-0.3316017316017316,1660872540000,1670803200000,22743.5,23100.0,1669067520000,15440.0,2022-08-19 00:00:00,buy,1h,-3
136,open,-0.247,165209.0,-0.3445684934414399,1660890660000,1670803200000,22679.5,23557.0,1669067520000,15440.0,2022-08-17 00:00:00,buy,1h,-2
89,open,-0.2417,165203.0,-0.329366285888025,1660891020000,1670803200000,22521.0,23023.0,1669067520000,15440.0,2022-08-11 00:00:00,buy,15m,-4
135,closed,0.0147,36083.0,-0.18644590930135144,1660891020000,1663056000000,22350.0,22679.5,1662517440000,18451.0,2022-08-17 00:00:00,buy,1h,-3
34,closed,0.0049,34643.0,-0.17844023420976468,1660891020000,1662969600000,22350.0,22458.5,1662517440000,18451.0,2022-08-05 00:00:00,buy,1m,-4
121,open,-0.2417,165203.0,-0.3419566560828521,1660891020000,1670803200000,22521.0,23463.5,1669067520000,15440.0,2022-08-15 00:00:00,buy,15m,-4
120,closed,0.0077,35843.0,-0.180720216686648,1660891020000,1663041600000,22350.0,22521.0,1662517440000,18451.0,2022-08-15 00:00:00,buy,1h,-3
35,closed,0.0024,35843.0,-0.18039267945984364,1660891020000,1663041600000,22458.5,22512.0,1662517440000,18451.0,2022-08-05 00:00:00,buy,1m,-3
146,closed,0.0176,36323.0,-0.18873524303647196,1660891020000,1663070400000,22350.0,22743.5,1662517440000,18451.0,2022-08-19 00:00:00,buy,1h,-4
50,closed,0.0002,34163.0,-0.17445190156599552,1660891020000,1662940800000,22345.5,22350.0,1662517440000,18451.0,2022-08-07 00:00:00,buy,1h,-2
51,closed,0.0147,36083.0,-0.18644590930135144,1660891020000,1663056000000,22350.0,22679.5,1662517440000,18451.0,2022-08-07 00:00:00,buy,15m,-4
106,open,-0.2417,165203.0,-0.3329156855544274,1660891020000,1670803200000,22521.0,23145.5,1669067520000,15440.0,2022-08-13 00:00:00,buy,15m,-4
36,closed,0.0085,36083.0,-0.18728802360921465,1660891020000,1663056000000,22512.0,22703.0,1662517440000,18451.0,2022-08-05 00:00:00,buy,1m,-2
70,closed,0.0002,34163.0,-0.17445190156599552,1660891020000,1662940800000,22345.5,22350.0,1662517440000,18451.0,2022-08-09 00:00:00,buy,1h,-2
88,closed,0.0079,35843.0,-0.180720216686648,1660891020000,1663041600000,22345.5,22521.0,1662517440000,18451.0,2022-08-11 00:00:00,buy,1h,-2
105,closed,0.0077,35843.0,-0.180720216686648,1660891020000,1663041600000,22350.0,22521.0,1662517440000,18451.0,2022-08-13 00:00:00,buy,1h,-2
71,closed,0.0162,36323.0,-0.18757430320109197,1660891020000,1663070400000,22350.0,22711.0,1662517440000,18451.0,2022-08-09 00:00:00,buy,15m,-4
87,closed,0.0455,34162.0,-0.17428565035465754,1660891080000,1662940800000,21374.0,22345.5,1662517440000,18451.0,2022-08-11 00:00:00,buy,1h,-3
4,closed,0.0478,34162.0,-0.1751346759952612,1660891080000,1662940800000,21347.5,22368.5,1662517440000,18451.0,2022-08-01 00:00:00,buy,15m,-3
18,closed,0.0593,35842.0,-0.18504449990062058,1660891080000,1663041600000,21374.0,22640.5,1662517440000,18451.0,2022-08-03 00:00:00,buy,1h,-2
69,closed,0.0455,34162.0,-0.17428565035465754,1660891080000,1662940800000,21374.0,22345.5,1662517440000,18451.0,2022-08-09 00:00:00,buy,1h,-3
104,closed,0.0367,34162.0,-0.17445190156599552,1660891080000,1662940800000,21558.0,22350.0,1662517440000,18451.0,2022-08-13 00:00:00,buy,1h,-3
33,closed,0.0224,34162.0,-0.17445190156599552,1660891080000,1662940800000,21860.0,22350.0,1662517440000,18451.0,2022-08-05 00:00:00,buy,1h,-2
49,closed,0.0455,34162.0,-0.17428565035465754,1660891080000,1662940800000,21374.0,22345.5,1662517440000,18451.0,2022-08-07 00:00:00,buy,1h,-3
134,closed,0.0623,33253.0,-0.17445190156599552,1660945620000,1662940800000,21040.0,22350.0,1662517440000,18451.0,2022-08-17 00:00:00,buy,1h,-4
32,closed,0.039,6853.0,-0.05169258920402562,1660945620000,1661356800000,21040.0,21860.0,1661029320000,20730.0,2022-08-05 00:00:00,buy,1h,-3
3,closed,0.0263,247.0,-0.027778428387398992,1660953180000,1660968000000,20800.5,21347.5,1660953300000,20754.5,2022-08-01 00:00:00,buy,15m,-4
154,closed,0.0061,1918.0,-0.036180689359880114,1661040120000,1661155200000,21148.0,21019.5,1661115120000,21780.0,2022-08-21 00:00:00,sell,1m,2
155,closed,0.0042,219.0,-0.00751844146018536,1661041260000,1661054400000,21237.0,21148.0,1661050140000,21307.0,2022-08-21 00:00:00,sell,1m,3
156,closed,0.005,1190.0,-0.025568583133210906,1661069400000,1661140800000,21343.0,21237.0,1661115120000,21780.0,2022-08-21 00:00:00,sell,1m,4
153,closed,0.0061,43.0,-0.013712880650652544,1661155320000,1661157900000,21019.5,21148.0,1661156340000,20858.0,2022-08-21 00:00:00,buy,1m,-2
152,closed,0.0034,19.0,-0.00768334165893575,1661155860000,1661157000000,20948.5,21019.5,1661156340000,20858.0,2022-08-21 00:00:00,buy,1m,-3
165,closed,0.0098,434.0,-0.030318506825146252,1661215560000,1661241600000,21330.0,21538.0,1661235060000,20885.0,2022-08-23 00:00:00,buy,1m,3
164,closed,0.0038,33.0,-0.0037974683544303796,1661220720000,1661222700000,21250.0,21330.0,1661220720000,21249.0,2022-08-23 00:00:00,buy,1m,2
163,closed,0.0064,94.0,-0.017176470588235293,1661232360000,1661238000000,21114.0,21250.0,1661235060000,20885.0,2022-08-23 00:00:00,buy,1m,-2
162,closed,0.0036,88.0,-0.010845884247418775,1661232720000,1661238000000,21038.0,21114.0,1661235060000,20885.0,2022-08-23 00:00:00,buy,1m,-3
161,closed,0.0039,24.0,-0.005109801311911778,1661232960000,1661234400000,20955.5,21038.0,1661233560000,20930.5,2022-08-23 00:00:00,buy,1m,-4
166,closed,0.0097,11.0,-0.011017346460384434,1661248140000,1661248800000,21538.0,21330.0,1661248140000,21565.0,2022-08-23 00:00:00,sell,1m,4
174,closed,0.0042,30.0,-0.006436116876151389,1661385600000,1661387400000,21351.0,21441.5,1661386500000,21303.5,2022-08-25 00:00:00,buy,1m,-4
175,closed,0.0042,1640.0,-0.021497822116060137,1661388000000,1661486400000,21441.5,21351.0,1661414760000,21810.0,2022-08-25 00:00:00,sell,1m,-3
176,closed,0.0051,89.0,-0.00909451297717044,1661391060000,1661396400000,21551.0,21441.5,1661391300000,21636.5,2022-08-25 00:00:00,sell,1m,-2
177,closed,0.0053,344.0,-0.012018003804927846,1661408160000,1661428800000,21665.5,21551.0,1661414760000,21810.0,2022-08-25 00:00:00,sell,1m,2
178,closed,0.0041,60.0,-0.006669589900994669,1661414400000,1661418000000,21755.0,21665.5,1661414760000,21810.0,2022-08-25 00:00:00,sell,1m,3
173,closed,0.0157,20220.0,-0.13582501990539084,1661526000000,1662739200000,21022.0,21351.0,1662517440000,18451.0,2022-08-25 00:00:00,buy,15m,-2
172,closed,0.0079,19736.0,-0.12230044715060413,1661526240000,1662710400000,20858.0,21022.0,1662517440000,18451.0,2022-08-25 00:00:00,buy,15m,-3
160,closed,0.0109,19725.0,-0.11951516308367732,1661526900000,1662710400000,20730.0,20955.5,1662517440000,18451.0,2022-08-23 00:00:00,buy,15m,-4
151,closed,0.0105,19725.0,-0.11922094660715564,1661526900000,1662710400000,20730.0,20948.5,1662517440000,18451.0,2022-08-21 00:00:00,buy,1m,-4
171,closed,0.0062,9.0,-0.01200978041998274,1661526900000,1661527440000,20730.0,20858.0,1661526960000,20607.5,2022-08-25 00:00:00,buy,15m,-4
119,closed,0.0802,23565.0,-0.17445190156599552,1661526900000,1662940800000,20691.0,22350.0,1662517440000,18451.0,2022-08-15 00:00:00,buy,1h,-4
103,closed,0.0419,20445.0,-0.14412283143148716,1661526900000,1662753600000,20691.0,21558.0,1662517440000,18451.0,2022-08-13 00:00:00,buy,1h,-4
48,closed,0.033,20205.0,-0.13675493590343407,1661526900000,1662739200000,20691.0,21374.0,1662517440000,18451.0,2022-08-07 00:00:00,buy,1h,-4
68,closed,0.033,20205.0,-0.13675493590343407,1661526900000,1662739200000,20691.0,21374.0,1662517440000,18451.0,2022-08-09 00:00:00,buy,1h,-4
86,closed,0.033,20205.0,-0.13675493590343407,1661526900000,1662739200000,20691.0,21374.0,1662517440000,18451.0,2022-08-11 00:00:00,buy,1h,-4
67,closed,0.016,19008.0,-0.10825962979073027,1661555520000,1662696000000,20365.0,20691.0,1662517440000,18451.0,2022-08-09 00:00:00,buy,4h,-3
30,closed,0.0039,4608.0,-0.04566020201032062,1661555520000,1661832000000,20365.0,20444.5,1661731020000,19511.0,2022-08-05 00:00:00,buy,4h,-3
31,closed,0.0291,19248.0,-0.12305133079847909,1661555520000,1662710400000,20444.5,21040.0,1662517440000,18451.0,2022-08-05 00:00:00,buy,1h,-4
47,closed,0.016,19008.0,-0.10825962979073027,1661555520000,1662696000000,20365.0,20691.0,1662517440000,18451.0,2022-08-07 00:00:00,buy,4h,-3
159,closed,0.0179,19008.0,-0.10993728895320791,1661555520000,1662696000000,20365.0,20730.0,1662517440000,18451.0,2022-08-23 00:00:00,buy,4h,-3
133,closed,0.0331,19248.0,-0.12305133079847909,1661555520000,1662710400000,20365.0,21040.0,1662517440000,18451.0,2022-08-17 00:00:00,buy,4h,-3
85,closed,0.016,19008.0,-0.10825962979073027,1661555520000,1662696000000,20365.0,20691.0,1662517440000,18451.0,2022-08-11 00:00:00,buy,4h,-3
145,closed,0.0975,23088.0,-0.17445190156599552,1661555520000,1662940800000,20365.0,22350.0,1662517440000,18451.0,2022-08-19 00:00:00,buy,4h,-3
150,closed,0.0179,19008.0,-0.10993728895320791,1661555520000,1662696000000,20365.0,20730.0,1662517440000,18451.0,2022-08-21 00:00:00,buy,4h,-3
102,closed,0.016,19008.0,-0.10825962979073027,1661555520000,1662696000000,20365.0,20691.0,1662517440000,18451.0,2022-08-13 00:00:00,buy,4h,-3
118,closed,0.016,19008.0,-0.10825962979073027,1661555520000,1662696000000,20365.0,20691.0,1662517440000,18451.0,2022-08-15 00:00:00,buy,4h,-3
170,closed,0.0179,19008.0,-0.10993728895320791,1661555520000,1662696000000,20365.0,20730.0,1662517440000,18451.0,2022-08-25 00:00:00,buy,4h,-3
2,closed,0.0327,19002.0,-0.11295401552847287,1661555880000,1662696000000,20141.0,20800.5,1662517440000,18451.0,2022-08-01 00:00:00,buy,1h,-3
17,closed,0.0612,19722.0,-0.13675493590343407,1661555880000,1662739200000,20141.0,21374.0,1662517440000,18451.0,2022-08-03 00:00:00,buy,1h,-3
183,closed,0.0081,211.0,-0.013990540204132438,1661560140000,1661572800000,20250.0,20085.0,1661560380000,20366.0,2022-08-27 00:00:00,sell,1m,-3
182,closed,0.0082,113.0,-0.016790123456790124,1661576820000,1661583600000,20085.0,20250.0,1661577240000,19910.0,2022-08-27 00:00:00,buy,1m,-4
196,closed,0.0162,12279.0,-0.05422582133155656,1661743260000,1662480000000,19833.0,19511.0,1661844720000,20569.0,2022-08-29 00:00:00,sell,1m,-3
197,closed,0.0053,10.0,-0.005495890687238441,1661744100000,1661744700000,19939.0,19833.0,1661744100000,19942.0,2022-08-29 00:00:00,sell,1m,-2
198,closed,0.0041,6.0,-0.004563919955865389,1661776500000,1661776860000,20021.5,19939.0,1661776500000,20030.0,2022-08-29 00:00:00,sell,1m,2
199,closed,0.0018,1.0,-0.0027720200784157032,1661780040000,1661780100000,20057.5,20021.5,1661780040000,20077.0,2022-08-29 00:00:00,sell,1m,3
200,closed,0.0039,1314.0,-0.025501682662345756,1661781960000,1661860800000,20135.5,20057.5,1661844720000,20569.0,2022-08-29 00:00:00,sell,1m,4
201,closed,0.0183,444.0,-0.0215291400759852,1661834160000,1661860800000,20510.0,20135.5,1661844720000,20569.0,2022-08-29 00:00:00,sell,15m,-2
184,closed,0.0127,444.0,-0.015753086419753086,1661834160000,1661860800000,20510.0,20250.0,1661844720000,20569.0,2022-08-27 00:00:00,sell,1m,-2
213,closed,0.0063,2153.0,-0.037923090554669504,1661904420000,1662033600000,19876.0,19750.5,1661926380000,20499.5,2022-08-31 00:00:00,sell,1m,2
214,closed,0.0038,692.0,-0.031369490843228015,1661905680000,1661947200000,19952.5,19876.0,1661926380000,20499.5,2022-08-31 00:00:00,sell,1m,3
215,closed,0.0063,625.0,-0.027415110888359854,1661909700000,1661947200000,20079.0,19952.5,1661926380000,20499.5,2022-08-31 00:00:00,sell,1m,4
212,closed,0.0064,73.0,-0.0113956530489032,1662043620000,1662048000000,19750.5,19876.0,1662043620000,19649.5,2022-08-31 00:00:00,buy,1m,-2
211,closed,0.0036,1.0,-0.005113794587478798,1662043620000,1662043680000,19680.0,19750.5,1662043620000,19649.5,2022-08-31 00:00:00,buy,1m,-3
229,closed,0.0079,108.0,-0.011028227305395157,1662081120000,1662087600000,20017.0,20175.5,1662085680000,19953.0,2022-09-02 00:00:00,buy,1m,3
230,closed,0.0079,297.0,-0.013638407353749313,1662087780000,1662105600000,20175.5,20017.0,1662092580000,20290.0,2022-09-02 00:00:00,sell,1m,4
231,closed,0.0011,2.0,-0.003419989591336026,1662087780000,1662087900000,20197.5,20175.5,1662087780000,20244.5,2022-09-02 00:00:00,sell,15m,2
232,closed,0.0098,83.0,-0.011412303502908776,1662129420000,1662134400000,20398.0,20197.5,1662129720000,20428.0,2022-09-02 00:00:00,sell,15m,3
228,closed,0.0074,37.0,-0.013563471049607834,1662139380000,1662141600000,19870.5,20017.0,1662141120000,19745.5,2022-09-02 00:00:00,buy,1m,2
227,closed,0.0076,59.0,-0.008026974660929519,1662195660000,1662199200000,19721.5,19870.5,1662195660000,19711.0,2022-09-02 00:00:00,buy,1m,-2
245,closed,0.0013,8.0,-0.001713882447827402,1662249720000,1662250200000,19813.0,19838.0,1662249840000,19804.0,2022-09-04 00:00:00,buy,1m,3
246,closed,0.0013,5.0,-0.0018169888457073638,1662250200000,1662250500000,19838.0,19813.0,1662250200000,19849.0,2022-09-04 00:00:00,sell,1m,4
244,closed,0.0018,19.0,-0.0020945843638015445,1662253860000,1662255000000,19776.5,19813.0,1662254460000,19771.5,2022-09-04 00:00:00,buy,1m,2
243,closed,0.0015,31.0,-0.002224862842262281,1662262140000,1662264000000,19747.5,19776.5,1662262140000,19732.5,2022-09-04 00:00:00,buy,1m,-2
242,closed,0.002,84.0,-0.007469299911381187,1662273360000,1662278400000,19709.0,19747.5,1662278280000,19600.0,2022-09-04 00:00:00,buy,1m,-3
226,closed,0.0046,2.0,-0.006160788986638947,1662278280000,1662278400000,19631.0,19721.5,1662278280000,19600.0,2022-09-02 00:00:00,buy,1m,-3
240,closed,0.0006,1.0,-0.0021382751247327157,1662278280000,1662278340000,19631.0,19642.0,1662278280000,19600.0,2022-09-04 00:00:00,buy,15m,-3
241,closed,0.0034,2.0,-0.005530468313968238,1662278280000,1662278400000,19642.0,19709.0,1662278280000,19600.0,2022-09-04 00:00:00,buy,1m,-4
259,closed,0.0031,112.0,-0.021090743366416854,1662422880000,1662429600000,19809.0,19748.0,1662426180000,20164.5,2022-09-06 00:00:00,sell,1m,2
260,closed,0.0021,47.0,-0.01744156696451108,1662423180000,1662426000000,19850.0,19809.0,1662425580000,20154.5,2022-09-06 00:00:00,sell,1m,3
261,closed,0.0023,40.0,-0.015340050377833753,1662423600000,1662426000000,19895.5,19850.0,1662425580000,20154.5,2022-09-06 00:00:00,sell,1m,4
262,closed,0.0082,8.0,-0.01301801915005906,1662425520000,1662426000000,20060.5,19895.5,1662425580000,20154.5,2022-09-06 00:00:00,sell,15m,2
258,closed,0.0031,45.0,-0.008026654550961684,1662429600000,1662432300000,19748.0,19809.0,1662429660000,19650.0,2022-09-06 00:00:00,buy,1m,-2
256,closed,0.0025,1.0,-0.003094718684998224,1662429660000,1662429720000,19662.0,19711.0,1662429660000,19650.0,2022-09-06 00:00:00,buy,1m,-4
257,closed,0.0019,4.0,-0.004962527850921612,1662429660000,1662429900000,19711.0,19748.0,1662429660000,19650.0,2022-09-06 00:00:00,buy,1m,-3
224,closed,0.0025,3295.0,-0.056697341513292435,1662483900000,1662681600000,19511.0,19560.0,1662517440000,18451.0,2022-09-02 00:00:00,buy,15m,-4
209,closed,0.001,3295.0,-0.05524833589349718,1662483900000,1662681600000,19511.0,19530.0,1662517440000,18451.0,2022-08-31 00:00:00,buy,15m,-4
225,closed,0.0036,3295.0,-0.06010901125770465,1662483900000,1662681600000,19560.0,19631.0,1662517440000,18451.0,2022-09-02 00:00:00,buy,1m,-4
223,closed,0.0018,3295.0,-0.05432832761006612,1662483900000,1662681600000,19475.5,19511.0,1662517440000,18451.0,2022-09-02 00:00:00,buy,4h,-3
208,closed,0.0018,3295.0,-0.05432832761006612,1662483900000,1662681600000,19475.5,19511.0,1662517440000,18451.0,2022-08-31 00:00:00,buy,4h,-3
210,closed,0.0077,3295.0,-0.062449186991869916,1662483900000,1662681600000,19530.0,19680.0,1662517440000,18451.0,2022-08-31 00:00:00,buy,1m,-4
253,closed,0.0152,3295.0,-0.05432832761006612,1662483900000,1662681600000,19219.5,19511.0,1662517440000,18451.0,2022-09-06 00:00:00,buy,4h,-3
195,closed,0.0165,3295.0,-0.06968184339232592,1662483900000,1662681600000,19511.0,19833.0,1662517440000,18451.0,2022-08-29 00:00:00,buy,1m,-4
237,closed,0.0152,3295.0,-0.05432832761006612,1662483900000,1662681600000,19219.5,19511.0,1662517440000,18451.0,2022-09-04 00:00:00,buy,4h,-3
238,closed,0.001,3295.0,-0.05524833589349718,1662483900000,1662681600000,19511.0,19530.0,1662517440000,18451.0,2022-09-04 00:00:00,buy,1h,-4
239,closed,0.0052,3295.0,-0.06010901125770465,1662483900000,1662681600000,19530.0,19631.0,1662517440000,18451.0,2022-09-04 00:00:00,buy,15m,-4
255,closed,0.0052,3295.0,-0.06159088597294273,1662483900000,1662681600000,19560.0,19662.0,1662517440000,18451.0,2022-09-06 00:00:00,buy,15m,-4
254,closed,0.0025,3295.0,-0.056697341513292435,1662483900000,1662681600000,19511.0,19560.0,1662517440000,18451.0,2022-09-06 00:00:00,buy,1h,-4
194,closed,0.0018,3295.0,-0.05432832761006612,1662483900000,1662681600000,19475.5,19511.0,1662517440000,18451.0,2022-08-29 00:00:00,buy,4h,-3
16,closed,0.0675,3492.0,-0.08390844545951046,1662486480000,1662696000000,18867.5,20141.0,1662517440000,18451.0,2022-08-03 00:00:00,buy,1h,-4
1,closed,0.0675,3492.0,-0.08390844545951046,1662486480000,1662696000000,18867.5,20141.0,1662517440000,18451.0,2022-08-01 00:00:00,buy,1h,-4
274,closed,0.0085,140.0,-0.011331956633970056,1662601200000,1662609600000,19207.5,19370.0,1662601320000,19150.5,2022-09-08 00:00:00,buy,1m,2
273,closed,0.0024,19.0,-0.0029675907848496683,1662601260000,1662602400000,19162.0,19207.5,1662601320000,19150.5,2022-09-08 00:00:00,buy,1m,-2
275,closed,0.0084,123.0,-0.008564362879083692,1662613020000,1662620400000,19370.0,19207.5,1662613020000,19372.0,2022-09-08 00:00:00,sell,1m,3
276,closed,0.004,10835.0,-0.17676819824470832,1662693900000,1663344000000,19447.5,19370.0,1663071900000,22794.0,2022-09-08 00:00:00,sell,1m,4
277,closed,0.007,10595.0,-0.1720786733513305,1662693900000,1663329600000,19585.0,19447.5,1663071900000,22794.0,2022-09-08 00:00:00,sell,15m,-2
278,closed,0.0163,9124.0,-0.16384988511616033,1662695760000,1663243200000,19910.0,19585.0,1663071900000,22794.0,2022-09-08 00:00:00,sell,15m,3
247,closed,0.0178,6719.0,-0.1490069563464059,1662696060000,1663099200000,20197.5,19838.0,1663071900000,22794.0,2022-09-04 00:00:00,sell,15m,2
279,closed,0.0126,6719.0,-0.1448518332496233,1662696060000,1663099200000,20164.5,19910.0,1663071900000,22794.0,2022-09-08 00:00:00,sell,15m,4
263,closed,0.0068,6479.0,-0.13626280501483015,1662696060000,1663084800000,20197.5,20060.5,1663071900000,22794.0,2022-09-06 00:00:00,sell,15m,3
248,closed,0.0073,1.0,-0.00772372818418121,1662696120000,1662696180000,20346.5,20197.5,1662696120000,20353.5,2022-09-04 00:00:00,sell,15m,3
264,closed,0.0113,6424.0,-0.1285555142963238,1662699360000,1663084800000,20428.0,20197.5,1663071900000,22794.0,2022-09-06 00:00:00,sell,15m,4
249,closed,0.0108,6395.0,-0.12029095913302042,1662701100000,1663084800000,20569.0,20346.5,1663071900000,22794.0,2022-09-04 00:00:00,sell,15m,4
265,closed,0.004,6395.0,-0.11582142157822596,1662701100000,1663084800000,20510.0,20428.0,1663071900000,22794.0,2022-09-06 00:00:00,sell,1h,-3
233,closed,0.0083,6395.0,-0.11746249632316894,1662701100000,1663084800000,20569.0,20398.0,1663071900000,22794.0,2022-09-02 00:00:00,sell,15m,4
217,closed,0.0029,1.0,-0.003949293027791321,1662701100000,1662701160000,20569.0,20510.0,1662701100000,20591.0,2022-08-31 00:00:00,sell,15m,2
216,closed,0.021,6395.0,-0.13521589720603616,1662701100000,1663084800000,20510.0,20079.0,1663071900000,22794.0,2022-08-31 00:00:00,sell,15m,-2
280,closed,0.0168,6395.0,-0.1304024399315629,1662701100000,1663084800000,20510.0,20164.5,1663071900000,22794.0,2022-09-08 00:00:00,sell,1h,-2
185,closed,0.0042,13.0,-0.011701608971233545,1662701520000,1662702300000,20597.0,20510.0,1662701520000,20750.0,2022-08-27 00:00:00,sell,1m,2
186,closed,0.005,4.0,-0.00742826625236685,1662701520000,1662701760000,20700.5,20597.0,1662701520000,20750.0,2022-08-27 00:00:00,sell,1m,3
202,closed,0.0183,6184.0,-0.1113603120429059,1662713760000,1663084800000,20892.0,20510.0,1663071900000,22794.0,2022-08-29 00:00:00,sell,15m,2
281,closed,0.0153,6184.0,-0.1113603120429059,1662713760000,1663084800000,20829.5,20510.0,1663071900000,22794.0,2022-09-08 00:00:00,sell,1h,2
218,closed,0.0155,6184.0,-0.10817249258593029,1662713760000,1663084800000,20892.0,20569.0,1663071900000,22794.0,2022-08-31 00:00:00,sell,15m,3
187,closed,0.0062,4.0,-0.013477935315572087,1662713760000,1662714000000,20829.5,20700.5,1662713760000,20979.5,2022-08-27 00:00:00,sell,1m,4
266,closed,0.0263,6077.0,-0.1113603120429059,1662720180000,1663084800000,21063.5,20510.0,1663071900000,22794.0,2022-09-06 00:00:00,sell,1h,-2
188,closed,0.0101,5837.0,-0.09032862046616577,1662720180000,1663070400000,21042.0,20829.5,1663068000000,22711.0,2022-08-27 00:00:00,sell,15m,-2
189,closed,0.0263,5085.0,-0.07931755536545956,1662765300000,1663070400000,21610.0,21042.0,1663068000000,22711.0,2022-08-27 00:00:00,sell,15m,2
292,closed,0.0066,15.0,-0.007824652368607118,1662768000000,1662768900000,21355.0,21215.0,1662768180000,21381.0,2022-09-10 00:00:00,sell,1m,2
291,closed,0.0066,155.0,-0.009271833294310467,1662769500000,1662778800000,21215.0,21355.0,1662770040000,21157.0,2022-09-10 00:00:00,buy,1m,-2
290,closed,0.0024,2.0,-0.002733914683007306,1662770040000,1662770160000,21165.0,21215.0,1662770040000,21157.0,2022-09-10 00:00:00,buy,1m,-3
293,closed,0.0083,105.0,-0.0141184734254273,1662786900000,1662793200000,21533.5,21355.0,1662788460000,21656.5,2022-09-10 00:00:00,sell,1m,3
289,closed,0.0022,2.0,-0.0024568863690054336,1662818100000,1662818220000,21119.5,21165.0,1662818100000,21113.0,2022-09-10 00:00:00,buy,1m,-4
294,closed,0.0061,7.0,-0.01228318666264193,1662846540000,1662846960000,21666.0,21533.5,1662846540000,21798.0,2022-09-10 00:00:00,sell,1m,4
203,closed,0.0358,3731.0,-0.08706681983534367,1662846540000,1663070400000,21667.5,20892.0,1663068000000,22711.0,2022-08-29 00:00:00,sell,15m,3
190,closed,0.0033,6.0,-0.008699676075890792,1662846540000,1662846900000,21682.5,21610.0,1662846540000,21798.0,2022-08-27 00:00:00,sell,15m,3
219,closed,0.0447,2541.0,-0.08706681983534367,1662917940000,1663070400000,21869.0,20892.0,1663068000000,22711.0,2022-08-31 00:00:00,sell,15m,4
305,closed,0.006,58.0,-0.011677597751319728,1662940920000,1662944400000,21748.0,21879.5,1662944400000,21624.0,2022-09-12 00:00:00,buy,1m,3
304,closed,0.0018,2.0,-0.0018392495861688431,1662941040000,1662941160000,21708.5,21748.0,1662941040000,21708.0,2022-09-12 00:00:00,buy,1m,2
179,closed,0.0057,31.0,-0.02923465869914962,1662946140000,1662948000000,21880.0,21755.0,1662947160000,22391.0,2022-08-25 00:00:00,sell,1m,4
191,closed,0.009,31.0,-0.03267612129597602,1662946140000,1662948000000,21880.0,21682.5,1662947160000,22391.0,2022-08-27 00:00:00,sell,15m,4
306,closed,0.006,31.0,-0.02956593709766415,1662946140000,1662948000000,21879.5,21748.0,1662947160000,22391.0,2022-09-12 00:00:00,sell,1m,4
204,closed,0.0097,31.0,-0.03339102342217607,1662946140000,1662948000000,21880.0,21667.5,1662947160000,22391.0,2022-08-29 00:00:00,sell,15m,4
307,closed,0.0,1.0,-0.004821865216298362,1662946140000,1662946200000,21880.0,21879.5,1662946140000,21985.0,2022-09-12 00:00:00,sell,1h,4
295,closed,0.0098,31.0,-0.03346256807901782,1662946140000,1662948000000,21880.0,21666.0,1662947160000,22391.0,2022-09-10 00:00:00,sell,1h,4
267,closed,0.0482,2057.0,-0.07821587105656705,1662946980000,1663070400000,22130.0,21063.5,1663068000000,22711.0,2022-09-06 00:00:00,sell,1h,2
250,closed,0.0705,2297.0,-0.10817249258593029,1662946980000,1663084800000,22130.0,20569.0,1663071900000,22794.0,2022-09-04 00:00:00,sell,1h,2
167,closed,0.0268,77.0,-0.03960442009471631,1662946980000,1662951600000,22130.0,21538.0,1662947160000,22391.0,2022-08-23 00:00:00,sell,15m,2
220,closed,0.0118,17.0,-0.023869404179432074,1662946980000,1662948000000,22130.0,21869.0,1662947160000,22391.0,2022-08-31 00:00:00,sell,1h,2
205,closed,0.0113,17.0,-0.023354661791590493,1662946980000,1662948000000,22130.0,21880.0,1662947160000,22391.0,2022-08-29 00:00:00,sell,1h,2
234,closed,0.0705,2297.0,-0.10817249258593029,1662946980000,1663084800000,22130.0,20569.0,1663071900000,22794.0,2022-09-02 00:00:00,sell,1h,2
282,closed,0.0588,2057.0,-0.09032862046616577,1662946980000,1663070400000,22130.0,20829.5,1663068000000,22711.0,2022-09-08 00:00:00,sell,1h,3
180,closed,0.021,14.0,-0.023354661791590493,1662947160000,1662948000000,22350.0,21880.0,1662947160000,22391.0,2022-08-25 00:00:00,sell,1h,-3
303,closed,0.0074,27.0,-0.008199553170417118,1662953580000,1662955200000,21550.0,21708.5,1662953580000,21530.5,2022-09-12 00:00:00,buy,1m,-2
206,closed,0.0174,320.0,-0.026253953908721192,1663051200000,1663070400000,22521.0,22130.0,1663068000000,22711.0,2022-08-29 00:00:00,sell,1h,-2
192,closed,0.0285,320.0,-0.03797989031078611,1663051200000,1663070400000,22521.0,21880.0,1663068000000,22711.0,2022-08-27 00:00:00,sell,1h,-3
221,closed,0.0251,40.0,-0.026253953908721192,1663068000000,1663070400000,22700.0,22130.0,1663068000000,22711.0,2022-08-31 00:00:00,sell,1h,-2
157,closed,0.0598,40.0,-0.06409595651970201,1663068000000,1663070400000,22700.0,21343.0,1663068000000,22711.0,2022-08-21 00:00:00,sell,15m,-3
235,closed,0.0251,40.0,-0.026253953908721192,1663068000000,1663070400000,22700.0,22130.0,1663068000000,22711.0,2022-09-02 00:00:00,sell,1h,-2
251,closed,0.0251,40.0,-0.026253953908721192,1663068000000,1663070400000,22700.0,22130.0,1663068000000,22711.0,2022-09-04 00:00:00,sell,1h,-2
168,closed,0.0251,40.0,-0.026253953908721192,1663068000000,1663070400000,22700.0,22130.0,1663068000000,22711.0,2022-08-23 00:00:00,sell,15m,-2
301,closed,0.002,2.0,-0.006565162732225171,1663073580000,1663073700000,21434.5,21477.0,1663073640000,21336.0,2022-09-12 00:00:00,buy,1m,-4
302,open,-0.2048,128827.0,-0.2835266821345708,1663073580000,1670803200000,21477.0,21550.0,1669067520000,15440.0,2022-09-12 00:00:00,buy,1m,-3
300,closed,0.0293,75396.0,-0.15691991882245912,1663082640000,1667606400000,20825.0,21434.5,1665664200000,18071.0,2022-09-12 00:00:00,buy,15m,3
288,closed,0.0141,74676.0,-0.14434527332559957,1663082640000,1667563200000,20825.0,21119.5,1665664200000,18071.0,2022-09-10 00:00:00,buy,15m,3
299,closed,0.0323,61495.0,-0.13224489795918368,1663095900000,1666785600000,20172.5,20825.0,1665664200000,18071.0,2022-09-12 00:00:00,buy,15m,-2
287,closed,0.0328,61495.0,-0.13224489795918368,1663095900000,1666785600000,20164.5,20825.0,1665664200000,18071.0,2022-09-10 00:00:00,buy,15m,2
298,closed,0.0112,18.0,-0.016730697732060974,1663105320000,1663106400000,19950.0,20172.5,1663105320000,19835.0,2022-09-12 00:00:00,buy,15m,2
312,closed,0.0085,58.0,-0.013834186687672312,1663113720000,1663117200000,20140.0,20312.0,1663114860000,20031.0,2022-09-14 00:00:00,buy,1m,-3
313,closed,0.0085,151.0,-0.018768619662363456,1663118940000,1663128000000,20312.0,20140.0,1663122300000,20518.0,2022-09-14 00:00:00,sell,1m,-2
314,closed,0.0048,40.0,-0.010141788105553367,1663122000000,1663124400000,20410.0,20312.0,1663122300000,20518.0,2022-09-14 00:00:00,sell,1m,2
311,closed,0.0154,107.0,-0.027284011916583913,1663179180000,1663185600000,19835.0,20140.0,1663179360000,19590.5,2022-09-14 00:00:00,buy,1m,-4
310,closed,0.0099,5.0,-0.01232669523569448,1663179360000,1663179660000,19640.5,19835.0,1663179360000,19590.5,2022-09-14 00:00:00,buy,15m,-3
286,closed,0.0276,104.0,-0.028465868233777183,1663179360000,1663185600000,19623.0,20164.5,1663179360000,19590.5,2022-09-10 00:00:00,buy,15m,-2
321,closed,0.0032,45.0,-0.008784142976482799,1663286400000,1663289100000,19688.5,19751.5,1663287420000,19578.0,2022-09-16 00:00:00,buy,1m,-3
322,closed,0.0032,67.0,-0.0056378088732000915,1663289580000,1663293600000,19751.5,19688.5,1663290360000,19799.5,2022-09-16 00:00:00,sell,1m,-2
323,closed,0.0037,46.0,-0.004936333949320305,1663301640000,1663304400000,19825.5,19751.5,1663304220000,19849.0,2022-09-16 00:00:00,sell,1m,2
324,closed,0.0016,5.0,-0.00262288466873471,1663328400000,1663328700000,19857.0,19825.5,1663328640000,19877.5,2022-09-16 00:00:00,sell,1m,3
320,closed,0.0061,8.0,-0.012875536480686695,1663336320000,1663336800000,19568.5,19688.5,1663336680000,19435.0,2022-09-16 00:00:00,buy,1m,-4
319,closed,0.005,2.0,-0.006822188721670031,1663336680000,1663336800000,19472.0,19568.5,1663336680000,19435.0,2022-09-16 00:00:00,buy,15m,-4
325,closed,0.0042,208.0,-0.011205116583572544,1663374720000,1663387200000,19940.5,19857.0,1663374780000,20079.5,2022-09-16 00:00:00,sell,1m,4
333,closed,0.0051,12954.0,-0.09999502759683755,1663459560000,1664236800000,20009.5,20111.0,1663798620000,18100.0,2022-09-18 00:00:00,buy,1m,-2
332,closed,0.0017,4.0,-0.0027736825008121144,1663459740000,1663459980000,19976.5,20009.5,1663459860000,19954.0,2022-09-18 00:00:00,buy,1m,-3
331,closed,0.003,14.0,-0.008334793382224114,1663494360000,1663495200000,19917.5,19976.5,1663495080000,19810.0,2022-09-18 00:00:00,buy,1m,-4
330,closed,0.0122,4307.0,-0.090749341031756,1663517580000,1663776000000,19677.5,19917.5,1663569840000,18110.0,2022-09-18 00:00:00,buy,15m,-3
309,closed,0.0246,1064.0,-0.0779257147221303,1663553760000,1663617600000,19168.5,19640.5,1663569840000,18110.0,2022-09-14 00:00:00,buy,15m,-4
329,closed,0.0188,3704.0,-0.0796595095921738,1663553760000,1663776000000,19315.0,19677.5,1663569840000,18110.0,2022-09-18 00:00:00,buy,15m,-4
285,closed,0.0354,1063.0,-0.07710339907251694,1663553820000,1663617600000,18951.5,19623.0,1663569840000,18110.0,2022-09-10 00:00:00,buy,15m,-3
297,closed,0.0527,3703.0,-0.09223057644110276,1663553820000,1663776000000,18951.5,19950.0,1663569840000,18110.0,2022-09-12 00:00:00,buy,15m,-3
272,closed,0.0095,583.0,-0.05490032355703998,1663553820000,1663588800000,18982.5,19162.0,1663569840000,18110.0,2022-09-08 00:00:00,buy,1m,-3
271,closed,0.0077,1.0,-0.011378901619913078,1663553820000,1663553880000,18837.5,18982.5,1663553820000,18766.5,2022-09-08 00:00:00,buy,1m,-4
270,closed,0.0039,4.0,-0.005175846051758461,1663554360000,1663554600000,18764.5,18837.5,1663554360000,18740.0,2022-09-08 00:00:00,buy,15m,-3
269,closed,0.017,122.0,-0.034879693037384425,1663567080000,1663574400000,18451.0,18764.5,1663569840000,18110.0,2022-09-08 00:00:00,buy,15m,-4
328,closed,0.0468,362.0,-0.06238674605229096,1663567080000,1663588800000,18451.0,19315.0,1663569840000,18110.0,2022-09-18 00:00:00,buy,1h,-4
318,closed,0.0553,602.0,-0.06994658997534922,1663567080000,1663603200000,18451.0,19472.0,1663569840000,18110.0,2022-09-16 00:00:00,buy,1h,-4
296,closed,0.0271,362.0,-0.04440281771891407,1663567080000,1663588800000,18451.0,18951.5,1663569840000,18110.0,2022-09-12 00:00:00,buy,15m,-4
308,closed,0.0389,362.0,-0.05522080496648147,1663567080000,1663588800000,18451.0,19168.5,1663569840000,18110.0,2022-09-14 00:00:00,buy,1h,-4
284,closed,0.0271,362.0,-0.04440281771891407,1663567080000,1663588800000,18451.0,18951.5,1663569840000,18110.0,2022-09-10 00:00:00,buy,15m,-4
345,closed,0.01,2387.0,-0.0487420584498094,1663632780000,1663776000000,19480.5,19675.0,1663696740000,18716.0,2022-09-20 00:00:00,buy,1m,3
344,closed,0.0088,43.0,-0.016375349708683044,1663643820000,1663646400000,19311.5,19480.5,1663644000000,19161.5,2022-09-20 00:00:00,buy,1m,2
343,closed,0.0066,10.0,-0.007767392486342335,1663644000000,1663644600000,19185.5,19311.5,1663644000000,19161.5,2022-09-20 00:00:00,buy,1m,-2
342,closed,0.0101,105.0,-0.021656980532172736,1663679700000,1663686000000,18993.0,19185.5,1663681260000,18770.0,2022-09-20 00:00:00,buy,1m,-3
341,closed,0.0064,3.0,-0.009582477754962354,1663680420000,1663680600000,18871.5,18993.0,1663680600000,18811.0,2022-09-20 00:00:00,buy,1m,-4
346,closed,0.0099,1.0,-0.02897769564436231,1663783140000,1663783200000,19675.0,19480.5,1663783200000,20045.0,2022-09-20 00:00:00,sell,1m,4
340,closed,0.0141,1.0,-0.021063508465145854,1663783200000,1663783260000,18610.0,18871.5,1663783200000,18474.0,2022-09-20 00:00:00,buy,15m,-3
347,closed,0.0151,1.0,-0.01880559085133418,1663783200000,1663783260000,19976.0,19675.0,1663783200000,20045.0,2022-09-20 00:00:00,sell,15m,3
339,closed,0.0276,103.0,-0.027404621171413217,1663798620000,1663804800000,18110.0,18610.0,1663798620000,18100.0,2022-09-20 00:00:00,buy,15m,-4
352,closed,0.0173,30798.0,-0.11601637107776262,1663814520000,1665662400000,18647.0,18325.0,1664916540000,20451.0,2022-09-22 00:00:00,sell,1m,-2
353,closed,0.0273,1646.0,-0.04673674049444951,1663835640000,1663934400000,19171.0,18647.0,1663888140000,19518.5,2022-09-22 00:00:00,sell,1m,2
354,closed,0.0114,23.0,-0.01606593291951385,1663875420000,1663876800000,19392.0,19171.0,1663876080000,19479.0,2022-09-22 00:00:00,sell,1m,3
363,closed,0.0122,29.0,-0.01253934942287513,1663977660000,1663979400000,19295.0,19060.0,1663977660000,19299.0,2022-09-24 00:00:00,sell,1m,3
362,closed,0.0123,3316.0,-0.03495724280901788,1663980240000,1664179200000,19060.0,19295.0,1664143320000,18620.5,2022-09-24 00:00:00,buy,1m,2
361,closed,0.0082,48.0,-0.008551941238195172,1664003520000,1664006400000,18905.0,19060.0,1664003520000,18897.0,2022-09-24 00:00:00,buy,1m,-2
360,closed,0.0078,141.0,-0.015048928854800317,1664141940000,1664150400000,18759.0,18905.0,1664143320000,18620.5,2022-09-24 00:00:00,buy,1m,-3
372,closed,0.0088,228.0,-0.013778526901570484,1664151120000,1664164800000,18855.0,18688.5,1664162520000,18946.0,2022-09-26 00:00:00,sell,1m,-2
373,closed,0.0046,8.0,-0.0048263060196234425,1664162520000,1664163000000,18942.0,18855.0,1664162520000,18946.0,2022-09-26 00:00:00,sell,1m,2
371,closed,0.0089,46.0,-0.0098117210289048,1664172840000,1664175600000,18688.5,18855.0,1664175600000,18670.0,2022-09-26 00:00:00,buy,1m,-3
374,closed,0.0031,173.0,-0.019876464998416218,1664179620000,1664190000000,19001.0,18942.0,1664182860000,19318.5,2022-09-26 00:00:00,sell,1m,3
375,closed,0.0057,150.0,-0.016709646860691544,1664181000000,1664190000000,19110.0,19001.0,1664182860000,19318.5,2022-09-26 00:00:00,sell,1m,4
376,closed,0.0057,14.0,-0.009706959706959707,1664181960000,1664182800000,19219.0,19110.0,1664182800000,19295.5,2022-09-26 00:00:00,sell,15m,2
364,closed,0.0051,893.0,-0.056413578647317955,1664240820000,1664294400000,19394.5,19295.0,1664281200000,20383.5,2022-09-24 00:00:00,sell,1m,4
365,closed,0.0049,882.0,-0.05099383845935703,1664241480000,1664294400000,19490.0,19394.5,1664281200000,20383.5,2022-09-24 00:00:00,sell,15m,3
377,closed,0.0184,880.0,-0.06059108174202612,1664241600000,1664294400000,19580.0,19219.0,1664281200000,20383.5,2022-09-26 00:00:00,sell,15m,3
366,closed,0.0277,781.0,-0.045844022575679835,1664247540000,1664294400000,20045.0,19490.0,1664281200000,20383.5,2022-09-24 00:00:00,sell,15m,4
378,closed,0.0232,781.0,-0.041036772216547494,1664247540000,1664294400000,20045.0,19580.0,1664281200000,20383.5,2022-09-26 00:00:00,sell,15m,4
355,closed,0.0326,781.0,-0.051129331683168314,1664247540000,1664294400000,20045.0,19392.0,1664281200000,20383.5,2022-09-22 00:00:00,sell,1m,4
334,closed,0.005,50.0,-0.014418151378095405,1664248200000,1664251200000,20111.0,20009.5,1664248260000,20298.0,2022-09-18 00:00:00,sell,1m,2
336,closed,0.0014,1.0,-0.007469909418041941,1664248260000,1664248320000,20176.5,20147.5,1664248260000,20298.0,2022-09-18 00:00:00,sell,1m,4
335,closed,0.0018,19.0,-0.009298393913778529,1664248260000,1664249400000,20147.5,20111.0,1664248260000,20298.0,2022-09-18 00:00:00,sell,1m,3
356,closed,0.0065,49.0,-0.012621601396857071,1664248260000,1664251200000,20176.5,20045.0,1664248260000,20298.0,2022-09-22 00:00:00,sell,15m,4
348,closed,0.0197,160.0,-0.0203994793752503,1664281200000,1664290800000,20377.5,19976.0,1664281200000,20383.5,2022-09-20 00:00:00,sell,15m,4
385,closed,0.0065,51.0,-0.012323572782810197,1664323740000,1664326800000,19112.0,18988.0,1664324940000,19222.0,2022-09-28 00:00:00,sell,1m,-2
384,closed,0.0065,392.0,-0.03448095437421515,1664328480000,1664352000000,18988.0,19112.0,1664332860000,18453.0,2022-09-28 00:00:00,buy,1m,-3
382,closed,0.0005,103.0,-0.018379125994095274,1664331420000,1664337600000,18789.0,18798.5,1664332860000,18453.0,2022-09-28 00:00:00,buy,15m,-3
383,closed,0.0101,343.0,-0.028175689909416473,1664331420000,1664352000000,18798.5,18988.0,1664332860000,18453.0,2022-09-28 00:00:00,buy,1m,-4
370,closed,0.0037,37.0,-0.01260133237017417,1664331780000,1664334000000,18620.5,18688.5,1664332860000,18453.0,2022-09-26 00:00:00,buy,1m,-4
381,closed,0.0143,97.0,-0.017882803768162224,1664331780000,1664337600000,18524.5,18789.0,1664332860000,18453.0,2022-09-28 00:00:00,buy,15m,-4
359,closed,0.011,37.0,-0.016312170158324004,1664331780000,1664334000000,18555.0,18759.0,1664332860000,18453.0,2022-09-24 00:00:00,buy,1m,-4
369,closed,0.0084,4.0,-0.008995461990816573,1664332860000,1664333100000,18466.0,18620.5,1664332860000,18453.0,2022-09-26 00:00:00,buy,15m,-3
386,closed,0.0227,1200.0,-0.03552741732942654,1664380800000,1664452800000,19555.0,19112.0,1664400480000,19791.0,2022-09-28 00:00:00,sell,1m,2
399,closed,0.0049,28.0,-0.007459836545561016,1664496120000,1664497800000,19542.5,19638.5,1664497380000,19492.0,2022-09-30 00:00:00,buy,1m,3
400,closed,0.0049,5.0,-0.007803505181015735,1664497920000,1664498220000,19638.5,19542.5,1664498160000,19695.0,2022-09-30 00:00:00,sell,1m,4
398,closed,0.0058,5.0,-0.005910195727261098,1664498400000,1664498700000,19430.0,19542.5,1664498400000,19427.0,2022-09-30 00:00:00,buy,1m,2
397,closed,0.0055,59.0,-0.007205352547606794,1664506860000,1664510400000,19324.5,19430.0,1664506860000,19290.0,2022-09-30 00:00:00,buy,1m,-2
396,closed,0.0043,1.0,-0.009780330668322595,1664541000000,1664541060000,19242.0,19324.5,1664541000000,19135.5,2022-09-30 00:00:00,buy,1m,-3
401,closed,0.0151,73.0,-0.026809583216640783,1664549220000,1664553600000,19940.0,19638.5,1664550720000,20165.0,2022-09-30 00:00:00,sell,15m,3
387,closed,0.0193,73.0,-0.03119406801329583,1664549220000,1664553600000,19940.0,19555.0,1664550720000,20165.0,2022-09-28 00:00:00,sell,1m,3
388,closed,0.0099,23.0,-0.011283851554663993,1664550420000,1664551800000,20139.5,19940.0,1664550720000,20165.0,2022-09-28 00:00:00,sell,1m,4
411,closed,0.003,24.0,-0.003662908505221593,1664670060000,1664671500000,19305.5,19247.0,1664670120000,19317.5,2022-10-02 00:00:00,sell,1m,2
410,closed,0.003,74.0,-0.004092098106757142,1664671560000,1664676000000,19247.0,19305.5,1664671620000,19226.5,2022-10-02 00:00:00,buy,1m,-2
412,closed,0.001,10.0,-0.001269068400196835,1664676180000,1664676780000,19324.0,19305.5,1664676180000,19330.0,2022-10-02 00:00:00,sell,1m,3
413,closed,0.0008,7.0,-0.0013454771268888428,1664688180000,1664688600000,19339.5,19324.0,1664688180000,19350.0,2022-10-02 00:00:00,sell,1m,4
409,closed,0.0013,1.0,-0.0023120486309554738,1664703720000,1664703780000,19221.5,19247.0,1664703720000,19202.5,2022-10-02 00:00:00,buy,1m,-3
408,closed,0.0015,49.0,-0.010066852222771375,1664705460000,1664708400000,19192.0,19221.5,1664706240000,19028.0,2022-10-02 00:00:00,buy,1m,-4
394,closed,0.0007,1.0,-0.0038991966084840238,1664705760000,1664705820000,19092.5,19106.5,1664705760000,19032.0,2022-09-30 00:00:00,buy,15m,-2
395,closed,0.0071,44.0,-0.011121505041056023,1664705760000,1664708400000,19106.5,19242.0,1664706240000,19028.0,2022-09-30 00:00:00,buy,1m,-4
407,closed,0.0108,54.0,-0.015709670696123383,1664751960000,1664755200000,18987.0,19192.0,1664751960000,18890.5,2022-10-02 00:00:00,buy,15m,-2
414,closed,0.013,5634.0,-0.05747304739005662,1664820360000,1665158400000,19594.0,19339.5,1664916540000,20451.0,2022-10-02 00:00:00,sell,15m,2
427,closed,0.0028,9.0,-0.0029771749917300696,1664841720000,1664842260000,19594.5,19649.5,1664841720000,19591.0,2022-10-04 00:00:00,buy,1m,2
428,closed,0.0028,19.0,-0.006149684860547603,1664842260000,1664843400000,19649.5,19594.5,1664842560000,19715.0,2022-10-04 00:00:00,sell,1m,3
429,closed,0.0036,4650.0,-0.04078984198071198,1664865000000,1665144000000,19720.0,19649.5,1664916540000,20451.0,2022-10-04 00:00:00,sell,1m,4
430,closed,0.0099,4601.0,-0.03706896551724138,1664867940000,1665144000000,19917.0,19720.0,1664916540000,20451.0,2022-10-04 00:00:00,sell,15m,3
415,closed,0.0174,4575.0,-0.04373787894253343,1664869500000,1665144000000,19940.0,19594.0,1664916540000,20451.0,2022-10-02 00:00:00,sell,15m,3
431,closed,0.0123,119.0,-0.01922980368529397,1664892060000,1664899200000,20165.0,19917.0,1664892060000,20300.0,2022-10-04 00:00:00,sell,15m,4
402,closed,0.0218,671.0,-0.025626880641925778,1664916540000,1664956800000,20383.5,19940.0,1664916540000,20451.0,2022-09-30 00:00:00,sell,15m,4
389,closed,0.012,191.0,-0.015467116859902182,1664916540000,1664928000000,20383.5,20139.5,1664916540000,20451.0,2022-09-28 00:00:00,sell,15m,4
416,closed,0.0218,671.0,-0.025626880641925778,1664916540000,1664956800000,20383.5,19940.0,1664916540000,20451.0,2022-10-02 00:00:00,sell,15m,4
442,closed,0.0043,478.0,-0.017831349305175076,1665014520000,1665043200000,20163.0,20077.0,1665029760000,20435.0,2022-10-06 00:00:00,sell,1m,2
443,closed,0.0035,234.0,-0.012994098100481079,1665014760000,1665028800000,20233.5,20163.0,1665021900000,20425.0,2022-10-06 00:00:00,sell,1m,3
444,closed,0.0052,12.0,-0.007537005461240023,1665017280000,1665018000000,20338.5,20233.5,1665017460000,20386.0,2022-10-06 00:00:00,sell,1m,4
441,closed,0.0043,60.0,-0.0045628130734513715,1665050400000,1665054000000,20077.0,20163.0,1665050400000,20071.0,2022-10-06 00:00:00,buy,1m,-2
440,closed,0.0021,1.0,-0.0021666583652936197,1665062580000,1665062640000,20034.0,20077.0,1665062580000,20033.5,2022-10-06 00:00:00,buy,1m,-3
439,closed,0.0043,24.0,-0.00811121094139962,1665065160000,1665066600000,19947.5,20034.0,1665066540000,19871.5,2022-10-06 00:00:00,buy,1m,-4
438,closed,0.0096,1.0,-0.010652964030580274,1665145680000,1665145740000,19758.5,19947.5,1665145680000,19735.0,2022-10-06 00:00:00,buy,15m,2
426,closed,0.0062,4.0,-0.006711066881012529,1665147120000,1665147360000,19474.5,19594.5,1665147120000,19463.0,2022-10-04 00:00:00,buy,1m,-2
425,closed,0.0028,36.0,-0.008036149836966289,1665159840000,1665162000000,19419.5,19474.5,1665160200000,19318.0,2022-10-04 00:00:00,buy,1m,-3
454,closed,0.005,234.0,-0.009054429468052268,1665187560000,1665201600000,19536.5,19438.0,1665188640000,19614.0,2022-10-08 00:00:00,sell,1m,2
455,closed,0.0034,21.0,-0.0039669336882246055,1665188640000,1665189900000,19603.0,19536.5,1665188640000,19614.0,2022-10-08 00:00:00,sell,1m,3
453,closed,0.0051,200.0,-0.006654211347989661,1665204000000,1665216000000,19438.0,19536.5,1665204660000,19406.5,2022-10-08 00:00:00,buy,1m,-2
452,closed,0.0023,79.0,-0.013530198580100834,1665265260000,1665270000000,19393.5,19438.0,1665265320000,19175.0,2022-10-08 00:00:00,buy,1m,-3
450,closed,0.0013,1.0,-0.007402422611036339,1665265320000,1665265380000,19293.5,19318.0,1665265320000,19175.0,2022-10-08 00:00:00,buy,15m,-3
451,closed,0.0039,78.0,-0.011266661510299843,1665265320000,1665270000000,19318.0,19393.5,1665265320000,19175.0,2022-10-08 00:00:00,buy,1m,-4
424,closed,0.0065,78.0,-0.012590437446896162,1665265320000,1665270000000,19293.5,19419.5,1665265320000,19175.0,2022-10-04 00:00:00,buy,1m,-4
437,closed,0.0241,7338.0,-0.08540628084115696,1665265320000,1665705600000,19293.5,19758.5,1665664200000,18071.0,2022-10-06 00:00:00,buy,15m,-2
468,closed,0.0038,42.0,-0.004541139646458168,1665360180000,1665362700000,19415.0,19488.5,1665361500000,19400.0,2022-10-10 00:00:00,buy,1m,-2
469,closed,0.0038,192.0,-0.005536955961885141,1665362880000,1665374400000,19488.5,19415.0,1665366660000,19522.5,2022-10-10 00:00:00,sell,1m,2
470,closed,0.0007,4.0,-0.0012058393411499089,1665362940000,1665363180000,19502.5,19488.5,1665363000000,19512.0,2022-10-10 00:00:00,sell,1m,3
467,closed,0.0034,230.0,-0.015091424156579963,1665389400000,1665403200000,19350.0,19415.0,1665390600000,19122.0,2022-10-10 00:00:00,buy,1m,-3
466,closed,0.0026,166.0,-0.011782945736434108,1665389640000,1665399600000,19300.0,19350.0,1665390600000,19122.0,2022-10-10 00:00:00,buy,1m,-4
465,closed,0.0065,35.0,-0.00922279792746114,1665390300000,1665392400000,19175.0,19300.0,1665390600000,19122.0,2022-10-10 00:00:00,buy,15m,-4
423,closed,0.0101,37.0,-0.011972944255837458,1665418980000,1665421200000,19101.5,19293.5,1665418980000,19062.5,2022-10-04 00:00:00,buy,15m,-2
436,closed,0.0101,37.0,-0.011972944255837458,1665418980000,1665421200000,19101.5,19293.5,1665418980000,19062.5,2022-10-06 00:00:00,buy,15m,-3
422,closed,0.0045,1.0,-0.0067010444205952415,1665439620000,1665439680000,19015.0,19101.5,1665439620000,18973.5,2022-10-04 00:00:00,buy,15m,-3
449,closed,0.0213,3000.0,-0.06336330888641252,1665496800000,1665676800000,18890.5,19293.5,1665664200000,18071.0,2022-10-08 00:00:00,buy,15m,-4
435,closed,0.0112,60.0,-0.01316650524827893,1665496800000,1665500400000,18890.5,19101.5,1665496860000,18850.0,2022-10-06 00:00:00,buy,15m,-4
484,closed,0.0053,698.0,-0.010372515466631566,1665534120000,1665576000000,19094.5,18992.5,1665557220000,19189.5,2022-10-12 00:00:00,sell,1m,2
485,closed,0.0034,25.0,-0.004975254654481657,1665556500000,1665558000000,19159.5,19094.5,1665557220000,19189.5,2022-10-12 00:00:00,sell,1m,3
486,closed,0.0014,2.0,-0.0015658028654192437,1665557220000,1665557340000,19186.0,19159.5,1665557220000,19189.5,2022-10-12 00:00:00,sell,1m,4
482,closed,0.0022,1.0,-0.002264051599315519,1665577800000,1665577860000,18951.0,18992.5,1665577800000,18949.5,2022-10-12 00:00:00,buy,1m,-3
483,closed,0.0054,12.0,-0.007593809735787793,1665577800000,1665578520000,18992.5,19094.5,1665577800000,18949.5,2022-10-12 00:00:00,buy,1m,-2
481,closed,0.0019,100.0,-0.021318136246108385,1665656400000,1665662400000,18915.5,18951.0,1665657060000,18547.0,2022-10-12 00:00:00,buy,1m,-4
406,closed,0.0116,98.0,-0.02317375046084163,1665656520000,1665662400000,18770.0,18987.0,1665657060000,18547.0,2022-10-02 00:00:00,buy,15m,-3
464,closed,0.0205,98.0,-0.032750977835723595,1665656520000,1665662400000,18789.0,19175.0,1665657060000,18547.0,2022-10-10 00:00:00,buy,1h,-2
448,closed,0.0054,98.0,-0.018183743151319445,1665656520000,1665662400000,18789.0,18890.5,1665657060000,18547.0,2022-10-08 00:00:00,buy,1h,-2
420,closed,0.0022,2.0,-0.0033720991981307418,1665656520000,1665656640000,18789.0,18831.0,1665656520000,18767.5,2022-10-04 00:00:00,buy,1h,-2
421,closed,0.0098,98.0,-0.02461214830397055,1665656520000,1665662400000,18831.0,19015.0,1665657060000,18547.0,2022-10-04 00:00:00,buy,15m,-4
480,closed,0.0035,98.0,-0.019481377706114033,1665656520000,1665662400000,18850.0,18915.5,1665657060000,18547.0,2022-10-12 00:00:00,buy,15m,-4
479,closed,0.0032,2.0,-0.004376657824933687,1665656520000,1665656640000,18789.0,18850.0,1665656520000,18767.5,2022-10-12 00:00:00,buy,1h,-3
393,closed,0.0182,91.0,-0.02857142857142857,1665656940000,1665662400000,18752.0,19092.5,1665657060000,18547.0,2022-09-30 00:00:00,buy,15m,-3
434,closed,0.0252,150.0,-0.04338159392287128,1665664200000,1665673200000,18426.5,18890.5,1665664200000,18071.0,2022-10-06 00:00:00,buy,1h,-3
478,closed,0.0381,150.0,-0.038213848528394274,1665664200000,1665673200000,18100.0,18789.0,1665664200000,18071.0,2022-10-12 00:00:00,buy,1h,-4
433,closed,0.018,15.0,-0.019292866252408218,1665664200000,1665665100000,18100.0,18426.5,1665664200000,18071.0,2022-10-06 00:00:00,buy,1h,-4
462,closed,0.018,15.0,-0.019292866252408218,1665664200000,1665665100000,18100.0,18426.5,1665664200000,18071.0,2022-10-10 00:00:00,buy,1h,-4
446,closed,0.018,15.0,-0.019292866252408218,1665664200000,1665665100000,18100.0,18426.5,1665664200000,18071.0,2022-10-08 00:00:00,buy,1h,-4
447,closed,0.0197,150.0,-0.038213848528394274,1665664200000,1665673200000,18426.5,18789.0,1665664200000,18071.0,2022-10-08 00:00:00,buy,1h,-3
463,closed,0.0197,150.0,-0.038213848528394274,1665664200000,1665673200000,18426.5,18789.0,1665664200000,18071.0,2022-10-10 00:00:00,buy,1h,-3
350,closed,0.0124,1.0,-0.013860845839017736,1665664200000,1665664260000,18100.0,18325.0,1665664200000,18071.0,2022-09-22 00:00:00,buy,1m,-4
418,closed,0.018,15.0,-0.019292866252408218,1665664200000,1665665100000,18100.0,18426.5,1665664200000,18071.0,2022-10-04 00:00:00,buy,1h,-4
419,closed,0.0197,150.0,-0.038213848528394274,1665664200000,1665673200000,18426.5,18789.0,1665664200000,18071.0,2022-10-04 00:00:00,buy,1h,-3
405,closed,0.0172,150.0,-0.03724027703782632,1665664200000,1665673200000,18453.0,18770.0,1665664200000,18071.0,2022-10-02 00:00:00,buy,15m,-4
404,closed,0.0195,15.0,-0.02070124099062483,1665664200000,1665665100000,18100.0,18453.0,1665664200000,18071.0,2022-10-02 00:00:00,buy,1h,-4
351,closed,0.0176,150.0,-0.030889687349171448,1665664200000,1665673200000,18325.0,18647.0,1665664200000,18071.0,2022-09-22 00:00:00,buy,1m,-3
358,closed,0.0251,150.0,-0.026084613311775803,1665664200000,1665673200000,18100.0,18555.0,1665664200000,18071.0,2022-09-24 00:00:00,buy,15m,-4
392,closed,0.0162,150.0,-0.036316126279863484,1665664200000,1665673200000,18453.0,18752.0,1665664200000,18071.0,2022-09-30 00:00:00,buy,15m,-4
391,closed,0.0195,15.0,-0.02070124099062483,1665664200000,1665665100000,18100.0,18453.0,1665664200000,18071.0,2022-09-30 00:00:00,buy,1h,-4
368,closed,0.0202,30.0,-0.021390663922885304,1665664200000,1665666000000,18100.0,18466.0,1665664200000,18071.0,2022-09-26 00:00:00,buy,15m,-4
380,closed,0.0235,150.0,-0.02448109260708791,1665664200000,1665673200000,18100.0,18524.5,1665664200000,18071.0,2022-09-28 00:00:00,buy,1h,-4
487,closed,0.0025,1272.0,-0.03950797456478682,1665686880000,1665763200000,19235.0,19186.0,1665712560000,19944.0,2022-10-12 00:00:00,sell,15m,-2
501,closed,0.0101,925.0,-0.03691379848185505,1665707700000,1665763200000,19430.5,19234.0,1665712560000,19944.0,2022-10-14 00:00:00,sell,1m,3
502,closed,0.0047,629.0,-0.026427523738452433,1665711060000,1665748800000,19522.0,19430.5,1665712560000,19944.0,2022-10-14 00:00:00,sell,1m,4
472,closed,0.0037,388.0,-0.020310021998260604,1665711120000,1665734400000,19620.5,19547.0,1665712560000,19944.0,2022-10-10 00:00:00,sell,15m,-3
471,closed,0.0023,628.0,-0.022638123317523396,1665711120000,1665748800000,19547.0,19502.5,1665712560000,19944.0,2022-10-10 00:00:00,sell,1m,4
503,closed,0.0015,388.0,-0.021616637639586107,1665711120000,1665734400000,19552.0,19522.0,1665712560000,19944.0,2022-10-14 00:00:00,sell,15m,4
488,closed,0.0181,868.0,-0.036859890824018714,1665711120000,1665763200000,19589.0,19235.0,1665712560000,19944.0,2022-10-12 00:00:00,sell,15m,2
456,closed,0.0017,141.0,-0.017395296638269653,1665711540000,1665720000000,19636.5,19603.0,1665712560000,19944.0,2022-10-08 00:00:00,sell,1m,4
457,closed,0.0035,140.0,-0.015659613474906426,1665711600000,1665720000000,19704.5,19636.5,1665712560000,19944.0,2022-10-08 00:00:00,sell,15m,-2
489,closed,0.0092,135.0,-0.018122415641431414,1665711900000,1665720000000,19770.5,19589.0,1665712560000,19944.0,2022-10-12 00:00:00,sell,15m,3
504,closed,0.0121,375.0,-0.020049099836333878,1665711900000,1665734400000,19791.0,19552.0,1665712560000,19944.0,2022-10-14 00:00:00,sell,1h,2
458,closed,0.0033,135.0,-0.012154583978279074,1665711900000,1665720000000,19770.5,19704.5,1665712560000,19944.0,2022-10-08 00:00:00,sell,15m,2
473,closed,0.0076,135.0,-0.016487857088249534,1665711900000,1665720000000,19770.5,19620.5,1665712560000,19944.0,2022-10-10 00:00:00,sell,15m,2
474,closed,0.0033,11.0,-0.008775701170936496,1665712140000,1665712800000,19836.5,19770.5,1665712560000,19944.0,2022-10-10 00:00:00,sell,15m,-2
500,closed,0.0102,3827.0,-0.024111577159620184,1665763980000,1665993600000,19234.0,19430.5,1665874920000,18962.0,2022-10-14 00:00:00,buy,1m,2
499,closed,0.0083,2522.0,-0.014141624207133201,1665784680000,1665936000000,19076.5,19234.0,1665874920000,18962.0,2022-10-14 00:00:00,buy,1m,-2
498,closed,0.0055,13.0,-0.0060021492412130105,1665874920000,1665875700000,18973.0,19076.5,1665874920000,18962.0,2022-10-14 00:00:00,buy,1m,-3
513,closed,0.0017,5760.0,-0.03464761354382831,1665878400000,1666224000000,19066.5,19034.5,1666075260000,19694.0,2022-10-16 00:00:00,sell,1m,-2
514,closed,0.0019,5036.0,-0.03291112684551439,1665878640000,1666180800000,19102.0,19066.5,1666075260000,19694.0,2022-10-16 00:00:00,sell,1m,2
515,closed,0.0014,73.0,-0.0027745785781593552,1665881220000,1665885600000,19128.0,19102.0,1665883920000,19155.0,2022-10-16 00:00:00,sell,1m,3
516,closed,0.0011,28.0,-0.0014115432873274781,1665883920000,1665885600000,19150.0,19128.0,1665883920000,19155.0,2022-10-16 00:00:00,sell,1m,4
517,closed,0.0082,29.0,-0.012010443864229765,1665948660000,1665950400000,19307.5,19150.0,1665950400000,19380.0,2022-10-16 00:00:00,sell,15m,2
518,closed,0.0118,1397.0,-0.02001812767059433,1666010580000,1666094400000,19537.5,19307.5,1666075260000,19694.0,2022-10-16 00:00:00,sell,15m,3
530,closed,0.0035,120.0,-0.0064913406029506095,1666051200000,1666058400000,19556.5,19487.5,1666055520000,19614.0,2022-10-18 00:00:00,sell,1m,2
531,closed,0.0015,3.0,-0.0018919540817630967,1666052400000,1666052580000,19585.5,19556.5,1666052400000,19593.5,2022-10-18 00:00:00,sell,1m,3
529,closed,0.0035,8.0,-0.004269680157492394,1666061520000,1666062000000,19487.5,19556.5,1666061520000,19473.0,2022-10-18 00:00:00,buy,1m,-2
532,closed,0.0016,22.0,-0.005539812616476475,1666075080000,1666076400000,19616.5,19585.5,1666075260000,19694.0,2022-10-18 00:00:00,sell,1m,4
528,closed,0.0012,2.0,-0.0025400898011545864,1666103040000,1666103160000,19465.0,19487.5,1666103040000,19438.0,2022-10-18 00:00:00,buy,1m,-3
527,closed,0.0018,7290.0,-0.04333418957102492,1666103400000,1666540800000,19430.5,19465.0,1666354380000,18621.5,2022-10-18 00:00:00,buy,1m,-4
526,closed,0.001,10.0,-0.003628316306837189,1666103460000,1666104060000,19411.0,19430.5,1666103820000,19360.0,2022-10-18 00:00:00,buy,15m,2
542,closed,0.0028,21.0,-0.004429765930119787,1666224540000,1666225800000,19129.5,19075.5,1666224840000,19160.0,2022-10-20 00:00:00,sell,1m,-3
543,closed,0.0015,1.0,-0.0015943960898089338,1666224840000,1666224900000,19158.5,19129.5,1666224840000,19160.0,2022-10-20 00:00:00,sell,1m,-2
541,closed,0.0028,197.0,-0.013826811991949607,1666226580000,1666238400000,19075.5,19129.5,1666226880000,18865.0,2022-10-20 00:00:00,buy,1m,-4
512,closed,0.0017,75.0,-0.010568274198201033,1666226700000,1666231200000,19034.5,19066.5,1666226880000,18865.0,2022-10-16 00:00:00,buy,1m,-3
525,closed,0.0281,5232.0,-0.04067281438359693,1666226880000,1666540800000,18881.0,19411.0,1666354380000,18621.5,2022-10-18 00:00:00,buy,15m,-2
540,closed,0.006,192.0,-0.011035097376215565,1666226880000,1666238400000,18962.0,19075.5,1666226880000,18865.0,2022-10-20 00:00:00,buy,15m,-4
497,closed,0.0049,1.0,-0.0056922995836188265,1666226880000,1666226940000,18881.0,18973.0,1666226880000,18865.0,2022-10-14 00:00:00,buy,1m,-4
511,closed,0.0038,12.0,-0.0089048832383304,1666226880000,1666227600000,18962.0,19034.5,1666226880000,18865.0,2022-10-16 00:00:00,buy,1m,-4
544,closed,0.0032,79.0,-0.004253986481196336,1666262460000,1666267200000,19220.5,19158.5,1666262520000,19240.0,2022-10-20 00:00:00,sell,1m,2
545,closed,0.0016,8.0,-0.0025233474675476703,1666268520000,1666269000000,19252.0,19220.5,1666268580000,19269.0,2022-10-20 00:00:00,sell,1m,3
546,closed,0.0023,40.0,-0.004830666943694162,1666275600000,1666278000000,19296.5,19252.0,1666275600000,19345.0,2022-10-20 00:00:00,sell,1m,4
547,closed,0.0008,1.0,-0.0025134091674656025,1666275600000,1666275660000,19311.5,19296.5,1666275600000,19345.0,2022-10-20 00:00:00,sell,15m,-2
539,closed,0.007,49.0,-0.017956966564708365,1666354260000,1666357200000,18831.0,18962.0,1666354380000,18621.5,2022-10-20 00:00:00,buy,1h,-3
496,closed,0.0016,34.0,-0.013743975425030454,1666354260000,1666356300000,18850.0,18881.0,1666354380000,18621.5,2022-10-14 00:00:00,buy,15m,-2
510,closed,0.0059,49.0,-0.017956966564708365,1666354260000,1666357200000,18850.0,18962.0,1666354380000,18621.5,2022-10-16 00:00:00,buy,15m,-2
560,closed,0.0046,538.0,-0.0048968535111481555,1666407720000,1666440000000,19109.0,19196.0,1666407720000,19102.0,2022-10-22 00:00:00,buy,1m,-2
561,closed,0.0045,1369.0,-0.006829242765189178,1666444260000,1666526400000,19196.0,19109.0,1666444560000,19239.5,2022-10-22 00:00:00,sell,1m,2
562,closed,0.0012,14.0,-0.0022660971035632425,1666444560000,1666445400000,19218.5,19196.0,1666444560000,19239.5,2022-10-22 00:00:00,sell,1m,3
559,closed,0.0029,2.0,-0.0030875503689361036,1666527900000,1666528020000,19053.5,19109.0,1666527900000,19050.0,2022-10-22 00:00:00,buy,1m,-3
563,closed,0.0015,1094.0,-0.02419543668860733,1666547160000,1666612800000,19247.0,19218.5,1666564380000,19683.5,2022-10-22 00:00:00,sell,1m,4
564,closed,0.0061,1089.0,-0.022678859042967736,1666547460000,1666612800000,19365.5,19247.0,1666564380000,19683.5,2022-10-22 00:00:00,sell,15m,2
548,closed,0.0032,369.0,-0.01926313336612899,1666547460000,1666569600000,19374.0,19311.5,1666564380000,19683.5,2022-10-20 00:00:00,sell,15m,2
565,closed,0.006,361.0,-0.016420954790736103,1666547940000,1666569600000,19483.0,19365.5,1666564380000,19683.5,2022-10-22 00:00:00,sell,15m,3
549,closed,0.0056,361.0,-0.01597501806544854,1666547940000,1666569600000,19483.0,19374.0,1666564380000,19683.5,2022-10-20 00:00:00,sell,15m,3
578,closed,0.0048,2120.0,-0.02347633249216181,1666572000000,1666699200000,19522.5,19615.5,1666621500000,19155.0,2022-10-24 00:00:00,buy,1m,2
577,closed,0.006,2084.0,-0.01882443334613907,1666574160000,1666699200000,19406.5,19522.5,1666621500000,19155.0,2022-10-24 00:00:00,buy,1m,-2
576,closed,0.0076,60.0,-0.007987014660036585,1666594800000,1666598400000,19260.0,19406.5,1666594800000,19251.5,2022-10-24 00:00:00,buy,1m,-3
575,closed,0.0051,20.0,-0.005451713395638629,1666621500000,1666622700000,19162.5,19260.0,1666621500000,19155.0,2022-10-24 00:00:00,buy,1m,-4
579,closed,0.0047,19490.0,-0.09975669099756691,1666710600000,1667880000000,19615.5,19522.5,1667609100000,21470.0,2022-10-24 00:00:00,sell,1m,3
580,closed,0.0035,19453.0,-0.09454258112207183,1666712820000,1667880000000,19683.5,19615.5,1667609100000,21470.0,2022-10-24 00:00:00,sell,1m,4
550,closed,0.0107,19453.0,-0.10198634707180619,1666712820000,1667880000000,19694.0,19483.0,1667609100000,21470.0,2022-10-20 00:00:00,sell,15m,4
581,closed,0.0011,19453.0,-0.09076129753346712,1666712820000,1667880000000,19704.5,19683.5,1667609100000,21470.0,2022-10-24 00:00:00,sell,1h,2
567,closed,0.0013,19453.0,-0.0901797501777191,1666712820000,1667880000000,19720.0,19694.0,1667609100000,21470.0,2022-10-22 00:00:00,sell,1h,2
566,closed,0.0107,19453.0,-0.10198634707180619,1666712820000,1667880000000,19694.0,19483.0,1667609100000,21470.0,2022-10-22 00:00:00,sell,15m,4
533,closed,0.007,19452.0,-0.09448678408482655,1666712880000,1667880000000,19755.0,19616.5,1667609100000,21470.0,2022-10-18 00:00:00,sell,15m,3
551,closed,0.0053,19438.0,-0.0901797501777191,1666713720000,1667880000000,19799.0,19694.0,1667609100000,21470.0,2022-10-20 00:00:00,sell,1h,2
534,closed,0.0095,19380.0,-0.0868134649455834,1666717200000,1667880000000,19944.0,19755.0,1667609100000,21470.0,2022-10-18 00:00:00,sell,15m,4
519,closed,0.0204,19380.0,-0.09891234804862443,1666717200000,1667880000000,19944.0,19537.5,1667609100000,21470.0,2022-10-16 00:00:00,sell,15m,4
552,closed,0.0092,19380.0,-0.08439820192939038,1666717200000,1667880000000,19982.5,19799.0,1667609100000,21470.0,2022-10-20 00:00:00,sell,1h,3
535,closed,0.0019,1.0,-0.004863618130766145,1666717200000,1666717260000,19982.5,19944.0,1666717200000,20041.0,2022-10-18 00:00:00,sell,1h,3
568,closed,0.0131,19380.0,-0.08874239350912778,1666717200000,1667880000000,19982.5,19720.0,1667609100000,21470.0,2022-10-22 00:00:00,sell,1h,3
582,closed,0.02,19372.0,-0.08959882260397371,1666717680000,1667880000000,20106.0,19704.5,1667609100000,21470.0,2022-10-24 00:00:00,sell,1h,3
475,closed,0.0148,19372.0,-0.08234819650644015,1666717680000,1667880000000,20133.5,19836.5,1667609100000,21470.0,2022-10-10 00:00:00,sell,15m,3
490,closed,0.0153,19372.0,-0.08596140714701196,1666717680000,1667880000000,20078.0,19770.5,1667609100000,21470.0,2022-10-12 00:00:00,sell,15m,4
459,closed,0.0188,19371.0,-0.08596140714701196,1666717740000,1667880000000,20150.0,19770.5,1667609100000,21470.0,2022-10-08 00:00:00,sell,15m,3
520,closed,0.011,6.0,-0.012409747292418772,1666717740000,1666718100000,20165.0,19944.0,1666717740000,20191.5,2022-10-16 00:00:00,sell,1h,3
491,closed,0.0043,2.0,-0.005652953481422453,1666717740000,1666717860000,20165.0,20078.0,1666717740000,20191.5,2022-10-12 00:00:00,sell,1h,3
505,closed,0.0185,19371.0,-0.08483654186246274,1666717740000,1667880000000,20165.0,19791.0,1667609100000,21470.0,2022-10-14 00:00:00,sell,1h,3
593,closed,0.0041,11.0,-0.004440120731372696,1666742520000,1666743180000,20127.0,20044.5,1666742520000,20133.5,2022-10-26 00:00:00,sell,1m,2
592,closed,0.0041,2.0,-0.00427286729269141,1666743180000,1666743300000,20044.5,20127.0,1666743180000,20041.0,2022-10-26 00:00:00,buy,1m,-2
594,closed,0.0056,135.0,-0.008570576837084513,1666748700000,1666756800000,20240.0,20127.0,1666754940000,20299.5,2022-10-26 00:00:00,sell,1m,3
595,closed,0.0078,2124.0,-0.03799407114624506,1666773360000,1666900800000,20400.0,20240.0,1666795380000,21009.0,2022-10-26 00:00:00,sell,1m,4
596,closed,0.0017,204.0,-0.0196078431372549,1666773360000,1666785600000,20435.0,20400.0,1666773480000,20800.0,2022-10-26 00:00:00,sell,1h,4
432,closed,0.0172,2363.0,-0.04185469873543268,1666773420000,1666915200000,20518.0,20165.0,1666795380000,21009.0,2022-10-04 00:00:00,sell,1h,2
390,closed,0.0066,203.0,-0.020433193514362107,1666773420000,1666785600000,20518.0,20383.5,1666773480000,20800.0,2022-09-28 00:00:00,sell,1h,2
493,closed,0.0029,203.0,-0.01706518018678793,1666773420000,1666785600000,20510.0,20451.0,1666773480000,20800.0,2022-10-12 00:00:00,sell,4h,-2
536,closed,0.0229,3083.0,-0.05136994870511698,1666773420000,1666958400000,20451.0,19982.5,1666795380000,21009.0,2022-10-18 00:00:00,sell,1h,4
569,closed,0.0229,3083.0,-0.05136994870511698,1666773420000,1666958400000,20451.0,19982.5,1666795380000,21009.0,2022-10-22 00:00:00,sell,1h,4
417,closed,0.0066,203.0,-0.020433193514362107,1666773420000,1666785600000,20518.0,20383.5,1666773480000,20800.0,2022-10-02 00:00:00,sell,1h,2
570,closed,0.0029,203.0,-0.01706518018678793,1666773420000,1666785600000,20510.0,20451.0,1666773480000,20800.0,2022-10-22 00:00:00,sell,4h,-2
597,closed,0.0037,203.0,-0.01786151211157328,1666773420000,1666785600000,20510.0,20435.0,1666773480000,20800.0,2022-10-26 00:00:00,sell,4h,-2
492,closed,0.014,2363.0,-0.04185469873543268,1666773420000,1666915200000,20451.0,20165.0,1666795380000,21009.0,2022-10-12 00:00:00,sell,1h,4
445,closed,0.0055,203.0,-0.022690955576861616,1666773420000,1666785600000,20451.0,20338.5,1666773480000,20800.0,2022-10-06 00:00:00,sell,15m,4
553,closed,0.0229,3083.0,-0.05136994870511698,1666773420000,1666958400000,20451.0,19982.5,1666795380000,21009.0,2022-10-20 00:00:00,sell,1h,4
537,closed,0.0029,203.0,-0.01706518018678793,1666773420000,1666785600000,20510.0,20451.0,1666773480000,20800.0,2022-10-18 00:00:00,sell,4h,-2
403,closed,0.0066,203.0,-0.020433193514362107,1666773420000,1666785600000,20518.0,20383.5,1666773480000,20800.0,2022-09-30 00:00:00,sell,1h,2
584,closed,0.0029,203.0,-0.01706518018678793,1666773420000,1666785600000,20510.0,20451.0,1666773480000,20800.0,2022-10-24 00:00:00,sell,4h,-2
477,closed,0.0029,203.0,-0.01706518018678793,1666773420000,1666785600000,20510.0,20451.0,1666773480000,20800.0,2022-10-10 00:00:00,sell,4h,-2
476,closed,0.0155,2603.0,-0.04348473936474036,1666773420000,1666929600000,20451.0,20133.5,1666795380000,21009.0,2022-10-10 00:00:00,sell,15m,4
460,closed,0.0147,2363.0,-0.0426302729528536,1666773420000,1666915200000,20451.0,20150.0,1666795380000,21009.0,2022-10-08 00:00:00,sell,15m,4
507,closed,0.0029,203.0,-0.01706518018678793,1666773420000,1666785600000,20510.0,20451.0,1666773480000,20800.0,2022-10-14 00:00:00,sell,4h,-2
506,closed,0.014,2363.0,-0.04185469873543268,1666773420000,1666915200000,20451.0,20165.0,1666795380000,21009.0,2022-10-14 00:00:00,sell,1h,4
583,closed,0.0169,2603.0,-0.04491196657714115,1666773420000,1666929600000,20451.0,20106.0,1666795380000,21009.0,2022-10-24 00:00:00,sell,1h,4
522,closed,0.0029,203.0,-0.01706518018678793,1666773420000,1666785600000,20510.0,20451.0,1666773480000,20800.0,2022-10-16 00:00:00,sell,4h,-2
521,closed,0.014,2363.0,-0.04185469873543268,1666773420000,1666915200000,20451.0,20165.0,1666795380000,21009.0,2022-10-16 00:00:00,sell,1h,4
315,closed,0.0123,203.0,-0.01910828025477707,1666773420000,1666785600000,20664.5,20410.0,1666773480000,20800.0,2022-09-14 00:00:00,sell,1m,3
326,closed,0.0297,18443.0,-0.07670319199618866,1666773420000,1667880000000,20550.0,19940.5,1667609100000,21470.0,2022-09-16 00:00:00,sell,15m,-3
337,closed,0.0182,2363.0,-0.04126087279756152,1666773420000,1666915200000,20550.0,20176.5,1666795380000,21009.0,2022-09-18 00:00:00,sell,15m,-2
338,closed,0.0012,23.0,-0.012165450121654502,1666773420000,1666774800000,20575.5,20550.0,1666773480000,20800.0,2022-09-18 00:00:00,sell,15m,2
554,closed,0.0029,203.0,-0.01706518018678793,1666773420000,1666785600000,20510.0,20451.0,1666773480000,20800.0,2022-10-20 00:00:00,sell,4h,-2
461,closed,0.0029,203.0,-0.01706518018678793,1666773420000,1666785600000,20510.0,20451.0,1666773480000,20800.0,2022-10-08 00:00:00,sell,4h,-2
316,closed,0.0129,102.0,-0.016671102615596796,1666793880000,1666800000000,20935.0,20664.5,1666795380000,21009.0,2022-09-14 00:00:00,sell,1m,4
604,closed,0.0061,9.0,-0.008052005614242446,1666916460000,1666917000000,20182.5,20305.5,1666916520000,20142.0,2022-10-28 00:00:00,buy,1m,-4
605,closed,0.0061,87.0,-0.0071101201535984145,1666917180000,1666922400000,20305.5,20182.5,1666918020000,20326.0,2022-10-28 00:00:00,sell,1m,-3
606,closed,0.0059,4228.0,-0.039127330033734704,1666963920000,1667217600000,20426.5,20305.5,1667038920000,21100.0,2022-10-28 00:00:00,sell,1m,2
607,closed,0.0004,1.0,-0.0024967566641372727,1666963920000,1666963980000,20434.0,20426.5,1666963980000,20477.5,2022-10-28 00:00:00,sell,1m,-2
608,closed,0.0051,19.0,-0.006998140354311442,1666964460000,1666965600000,20539.0,20434.0,1666964520000,20577.0,2022-10-28 00:00:00,sell,1m,3
609,closed,0.0061,156.0,-0.009688884561078923,1666974240000,1666983600000,20665.0,20539.0,1666975980000,20738.0,2022-10-28 00:00:00,sell,1m,4
610,closed,0.0164,38.0,-0.02105008468424873,1667038920000,1667041200000,21009.0,20665.0,1667038920000,21100.0,2022-10-28 00:00:00,sell,15m,4
327,closed,0.0243,1778.0,-0.0267639902676399,1667038920000,1667145600000,21061.0,20550.0,1667038920000,21100.0,2022-09-16 00:00:00,sell,15m,-2
349,closed,0.0329,2978.0,-0.03545577229787756,1667038920000,1667217600000,21070.0,20377.5,1667038920000,21100.0,2022-09-20 00:00:00,sell,1h,2
357,closed,0.0424,6098.0,-0.04577107030456224,1667038920000,1667404800000,21070.0,20176.5,1667038920000,21100.0,2022-09-22 00:00:00,sell,1h,2
367,closed,0.0486,7058.0,-0.05263157894736842,1667038920000,1667462400000,21070.0,20045.0,1667038920000,21100.0,2022-09-24 00:00:00,sell,1h,2
379,closed,0.0486,7058.0,-0.05263157894736842,1667038920000,1667462400000,21070.0,20045.0,1667038920000,21100.0,2022-09-26 00:00:00,sell,1h,2
620,closed,0.005,220.0,-0.00855253701308035,1667089200000,1667102400000,20767.0,20871.0,1667091660000,20692.5,2022-10-30 00:00:00,buy,1m,-2
619,closed,0.0012,95.0,-0.0035874223527712235,1667089500000,1667095200000,20741.5,20767.0,1667091660000,20692.5,2022-10-30 00:00:00,buy,1m,-3
621,closed,0.005,105.0,-0.00736745798622815,1667110500000,1667116800000,20871.0,20767.0,1667113860000,20920.0,2022-10-30 00:00:00,sell,1m,2
622,closed,0.0017,4.0,-0.0023477552584926452,1667113860000,1667114100000,20907.5,20871.0,1667113860000,20920.0,2022-10-30 00:00:00,sell,1m,3
618,closed,0.0024,74.0,-0.005809608755393776,1667123160000,1667127600000,20691.5,20741.5,1667126040000,20621.0,2022-10-30 00:00:00,buy,1m,-4
617,closed,0.0097,377.0,-0.013242152574728753,1667180580000,1667203200000,20493.0,20691.5,1667183100000,20417.5,2022-10-30 00:00:00,buy,15m,2
634,closed,0.0022,59.0,-0.0035853658536585367,1667260860000,1667264400000,20456.0,20500.0,1667262480000,20426.5,2022-11-01 00:00:00,buy,1m,2
635,closed,0.0021,633.0,-0.011390301134141571,1667266020000,1667304000000,20500.0,20456.0,1667295960000,20689.0,2022-11-01 00:00:00,sell,1m,3
636,closed,0.0011,12.0,-0.001926829268292683,1667266260000,1667266980000,20523.5,20500.0,1667266260000,20539.5,2022-11-01 00:00:00,sell,1m,4
633,closed,0.004,14.0,-0.005206296441141963,1667310360000,1667311200000,20374.0,20456.0,1667310480000,20349.5,2022-11-01 00:00:00,buy,1m,-2
632,closed,0.0013,6.0,-0.0027486011583390596,1667311680000,1667312040000,20347.0,20374.0,1667311980000,20318.0,2022-11-01 00:00:00,buy,1m,-3
631,closed,0.0013,1.0,-0.0014252715388017889,1667311980000,1667312040000,20320.0,20347.0,1667311980000,20318.0,2022-11-01 00:00:00,buy,1m,-4
637,closed,0.0123,7.0,-0.012936389991960435,1667413800000,1667414220000,20778.5,20523.5,1667413860000,20789.0,2022-11-01 00:00:00,sell,15m,2
630,closed,0.0088,272.0,-0.013213582677165355,1667417280000,1667433600000,20142.0,20320.0,1667424420000,20051.5,2022-11-01 00:00:00,buy,15m,-3
646,closed,0.0077,390.0,-0.013903743315508022,1667439000000,1667462400000,20258.5,20102.5,1667449200000,20382.0,2022-11-03 00:00:00,sell,1m,-2
647,closed,0.004,233.0,-0.006096206530592097,1667448420000,1667462400000,20339.5,20258.5,1667449200000,20382.0,2022-11-03 00:00:00,sell,1m,2
645,closed,0.0078,15.0,-0.011032406150504727,1667475900000,1667476800000,20102.5,20258.5,1667476080000,20035.0,2022-11-03 00:00:00,buy,1m,-3
644,closed,0.0025,2.0,-0.0033577913194876258,1667476080000,1667476200000,20051.5,20102.5,1667476080000,20035.0,2022-11-03 00:00:00,buy,1m,-4
648,closed,0.0097,5394.0,-0.05558150397010743,1667541960000,1667865600000,20539.5,20339.5,1667609100000,21470.0,2022-11-03 00:00:00,sell,1m,3
649,closed,0.012,4738.0,-0.04530295284695343,1667566920000,1667851200000,20789.0,20539.5,1667609100000,21470.0,2022-11-03 00:00:00,sell,1m,4
650,closed,0.0021,7.0,-0.003968444850642167,1667567760000,1667568180000,20832.0,20789.0,1667567760000,20871.5,2022-11-03 00:00:00,sell,15m,3
638,closed,0.0046,107.0,-0.024785234737829967,1667571180000,1667577600000,20873.5,20778.5,1667572860000,21293.5,2022-11-01 00:00:00,sell,15m,3
623,closed,0.0029,44.0,-0.018462274303479614,1667571360000,1667574000000,20968.0,20907.5,1667572860000,21293.5,2022-10-30 00:00:00,sell,1m,4
639,closed,0.0107,38.0,-0.020121206314226172,1667571720000,1667574000000,21100.0,20873.5,1667572860000,21293.5,2022-11-01 00:00:00,sell,15m,4
651,closed,0.0127,38.0,-0.0221534178187404,1667571720000,1667574000000,21100.0,20832.0,1667572860000,21293.5,2022-11-03 00:00:00,sell,15m,4
624,closed,0.0063,38.0,-0.015523655093475773,1667571720000,1667574000000,21100.0,20968.0,1667572860000,21293.5,2022-10-30 00:00:00,sell,15m,4
664,closed,0.0039,2640.0,-0.019661854103343465,1667606400000,1667764800000,21137.5,21056.0,1667609100000,21470.0,2022-11-05 00:00:00,sell,1m,3
665,closed,0.0028,1642.0,-0.015730337078651686,1667608680000,1667707200000,21196.0,21137.5,1667609100000,21470.0,2022-11-05 00:00:00,sell,1m,4
666,closed,0.0046,1400.0,-0.01292696735233063,1667608800000,1667692800000,21293.5,21196.0,1667609100000,21470.0,2022-11-05 00:00:00,sell,15m,4
317,closed,0.0193,2600.0,-0.025555290183902554,1667608800000,1667764800000,21348.0,20935.0,1667609100000,21470.0,2022-09-14 00:00:00,sell,15m,2
667,closed,0.006,435.0,-0.008288914457463546,1667609100000,1667635200000,21421.5,21293.5,1667609100000,21470.0,2022-11-05 00:00:00,sell,4h,2
663,open,-0.1889,50502.0,-0.2695446481371969,1667773080000,1670803200000,21056.0,21137.5,1669067520000,15440.0,2022-11-05 00:00:00,buy,1m,2
662,closed,0.0033,47.0,-0.008619870820668693,1667776380000,1667779200000,20986.0,21056.0,1667777940000,20874.5,2022-11-05 00:00:00,buy,1m,-2
675,closed,0.0077,70.0,-0.010506299025433801,1667782200000,1667786400000,20874.5,21035.0,1667784120000,20814.0,2022-11-07 00:00:00,buy,1m,-4
661,closed,0.0072,6.0,-0.007385876298484704,1667782440000,1667782800000,20835.0,20986.0,1667782440000,20831.0,2022-11-05 00:00:00,buy,1m,-3
676,closed,0.0076,110.0,-0.00900620374140698,1667787000000,1667793600000,21035.0,20874.5,1667787060000,21062.5,2022-11-07 00:00:00,sell,1m,-3
674,closed,0.0073,497.0,-0.014587175740736305,1667806980000,1667836800000,20723.0,20874.5,1667808060000,20570.0,2022-11-07 00:00:00,buy,15m,2
660,closed,0.0088,488.0,-0.012718982481401488,1667807520000,1667836800000,20654.0,20835.0,1667808060000,20570.0,2022-11-05 00:00:00,buy,1m,-4
673,closed,0.0049,8.0,-0.00581479515514163,1667807520000,1667808000000,20621.5,20723.0,1667808000000,20602.5,2022-11-07 00:00:00,buy,15m,-2
659,closed,0.0119,93.0,-0.013992446983635132,1667860020000,1667865600000,20410.5,20654.0,1667860020000,20365.0,2022-11-05 00:00:00,buy,15m,-2
672,closed,0.0192,727.0,-0.06890866328831559,1667879580000,1667923200000,20233.0,20621.5,1667921340000,19200.5,2022-11-07 00:00:00,buy,15m,-3
658,closed,0.0093,726.0,-0.059283212072217734,1667879640000,1667923200000,20222.0,20410.5,1667921340000,19200.5,2022-11-05 00:00:00,buy,15m,-3
671,closed,0.011,710.0,-0.05103049473632185,1667880600000,1667923200000,20013.5,20233.0,1667921340000,19200.5,2022-11-07 00:00:00,buy,15m,-4
657,closed,0.0104,710.0,-0.05051429136583919,1667880600000,1667923200000,20013.5,20222.0,1667921340000,19200.5,2022-11-05 00:00:00,buy,15m,-4
628,closed,0.001,709.0,-0.03819566197465311,1667880660000,1667923200000,19944.0,19963.0,1667921340000,19200.5,2022-11-01 00:00:00,buy,1h,2
629,closed,0.009,709.0,-0.04674312382087181,1667880660000,1667923200000,19963.0,20142.0,1667921340000,19200.5,2022-11-01 00:00:00,buy,15m,-4
616,closed,0.0287,709.0,-0.0630703166935051,1667880660000,1667923200000,19922.0,20493.0,1667921340000,19200.5,2022-10-30 00:00:00,buy,15m,-2
642,closed,0.0123,709.0,-0.037279382270357,1667880660000,1667923200000,19701.0,19944.0,1667921340000,19200.5,2022-11-03 00:00:00,buy,1h,-2
643,closed,0.0054,709.0,-0.042440715158466945,1667880660000,1667923200000,19944.0,20051.5,1667921340000,19200.5,2022-11-03 00:00:00,buy,1h,2
627,closed,0.0123,709.0,-0.037279382270357,1667880660000,1667923200000,19701.0,19944.0,1667921340000,19200.5,2022-11-01 00:00:00,buy,1h,-2
615,closed,0.0187,709.0,-0.03621624334906134,1667880660000,1667923200000,19556.5,19922.0,1667921340000,19200.5,2022-10-30 00:00:00,buy,15m,-3
655,closed,0.0063,1.0,-0.014224464060529634,1667880660000,1667880720000,19701.0,19825.0,1667880660000,19543.0,2022-11-05 00:00:00,buy,1h,-2
656,closed,0.0095,709.0,-0.0406225797586629,1667880660000,1667923200000,19825.0,20013.5,1667921340000,19200.5,2022-11-05 00:00:00,buy,1h,2
670,closed,0.0159,709.0,-0.0406225797586629,1667880660000,1667923200000,19701.0,20013.5,1667921340000,19200.5,2022-11-07 00:00:00,buy,1h,-3
603,closed,0.0131,709.0,-0.04865601387340518,1667880660000,1667923200000,19922.0,20182.5,1667921340000,19200.5,2022-10-28 00:00:00,buy,15m,-2
602,closed,0.0049,709.0,-0.03621624334906134,1667880660000,1667923200000,19825.0,19922.0,1667921340000,19200.5,2022-10-28 00:00:00,buy,15m,2
590,closed,0.0141,709.0,-0.03544157540440068,1667880660000,1667923200000,19628.5,19906.0,1667921340000,19200.5,2022-10-26 00:00:00,buy,1m,-4
591,closed,0.007,709.0,-0.04210631345256804,1667880660000,1667923200000,19906.0,20044.5,1667921340000,19200.5,2022-10-26 00:00:00,buy,1m,-3
589,closed,0.0051,1.0,-0.005221998624449143,1667881080000,1667881140000,19528.5,19628.5,1667881080000,19526.0,2022-10-26 00:00:00,buy,15m,2
601,closed,0.0244,34.0,-0.024665825977301388,1667885160000,1667887200000,19352.5,19825.0,1667885160000,19336.0,2022-10-28 00:00:00,buy,15m,-3
613,closed,0.0008,1.0,-0.0011964522589538846,1667921340000,1667921400000,19209.0,19223.5,1667921340000,19200.5,2022-10-30 00:00:00,buy,1h,-2
614,closed,0.0173,31.0,-0.018203666300207092,1667921340000,1667923200000,19223.5,19556.5,1667921340000,19200.5,2022-10-30 00:00:00,buy,15m,-4
600,open,-0.1035,47875.0,-0.20217026224002066,1667930700000,1670803200000,19050.0,19352.5,1669067520000,15440.0,2022-10-28 00:00:00,buy,15m,-4
654,open,-0.1035,47875.0,-0.21628343738896502,1667930700000,1670803200000,19050.0,19701.0,1669067520000,15440.0,2022-11-05 00:00:00,buy,1h,-3
588,open,-0.1031,47875.0,-0.20936067798346006,1667930700000,1670803200000,19040.5,19528.5,1669067520000,15440.0,2022-10-26 00:00:00,buy,15m,-2
558,closed,0.002,1.0,-0.012464901461673708,1667930760000,1667930820000,19015.5,19053.5,1667930820000,18816.0,2022-10-22 00:00:00,buy,1m,-4
574,open,-0.1023,47874.0,-0.19425962165688193,1667930760000,1670803200000,19025.0,19162.5,1669067520000,15440.0,2022-10-24 00:00:00,buy,15m,-2
557,closed,0.0008,1.0,-0.010491441192711209,1667930760000,1667930820000,19000.0,19015.5,1667930820000,18816.0,2022-10-22 00:00:00,buy,15m,-3
626,open,-0.094,47873.0,-0.21628343738896502,1667930820000,1670803200000,18850.0,19701.0,1669067520000,15440.0,2022-11-01 00:00:00,buy,1h,-3
641,open,-0.0942,47873.0,-0.21628343738896502,1667930820000,1670803200000,18855.0,19701.0,1669067520000,15440.0,2022-11-03 00:00:00,buy,1h,-3
587,closed,0.0098,1.0,-0.01179065675796329,1667930820000,1667930880000,18855.0,19040.5,1667930820000,18816.0,2022-10-26 00:00:00,buy,15m,-3
612,open,-0.094,47873.0,-0.1962101098443438,1667930820000,1670803200000,18850.0,19209.0,1669067520000,15440.0,2022-10-30 00:00:00,buy,1h,-3
573,closed,0.009,1.0,-0.010985545335085414,1667930820000,1667930880000,18855.0,19025.0,1667930820000,18816.0,2022-10-24 00:00:00,buy,15m,-3
599,closed,0.0106,1.0,-0.012283464566929133,1667930820000,1667930880000,18850.0,19050.0,1667930820000,18816.0,2022-10-28 00:00:00,buy,1h,-3
653,closed,0.023,3.0,-0.03674540682414698,1667931540000,1667931720000,18621.5,19050.0,1667931660000,18350.0,2022-11-05 00:00:00,buy,1h,-4
572,closed,0.0125,3.0,-0.026783346592415803,1667931540000,1667931720000,18621.5,18855.0,1667931660000,18350.0,2022-10-24 00:00:00,buy,15m,-4
556,closed,0.0203,3.0,-0.034210526315789476,1667931540000,1667931720000,18621.5,19000.0,1667931660000,18350.0,2022-10-22 00:00:00,buy,15m,-4
586,closed,0.0125,3.0,-0.026783346592415803,1667931540000,1667931720000,18621.5,18855.0,1667931660000,18350.0,2022-10-26 00:00:00,buy,15m,-4
669,open,-0.0829,47861.0,-0.21628343738896502,1667931540000,1670803200000,18621.5,19701.0,1669067520000,15440.0,2022-11-07 00:00:00,buy,1h,-4
524,closed,0.018,2.0,-0.02812351040728775,1667931600000,1667931720000,18547.0,18881.0,1667931660000,18350.0,2022-10-18 00:00:00,buy,15m,-3
495,closed,0.0163,2.0,-0.026525198938992044,1667931600000,1667931720000,18547.0,18850.0,1667931660000,18350.0,2022-10-14 00:00:00,buy,15m,-3
509,closed,0.0163,2.0,-0.026525198938992044,1667931600000,1667931720000,18547.0,18850.0,1667931660000,18350.0,2022-10-16 00:00:00,buy,15m,-3
494,closed,0.0263,22.0,-0.09419313096457649,1667935380000,1667936700000,18071.0,18547.0,1667935920000,16800.0,2022-10-14 00:00:00,buy,15m,-4
640,open,-0.0549,47797.0,-0.181119066560594,1667935380000,1670803200000,18071.0,18855.0,1669067520000,15440.0,2022-11-03 00:00:00,buy,1h,-4
508,closed,0.0263,22.0,-0.09419313096457649,1667935380000,1667936700000,18071.0,18547.0,1667935920000,16800.0,2022-10-16 00:00:00,buy,15m,-4
598,open,-0.0549,47797.0,-0.18090185676392573,1667935380000,1670803200000,18071.0,18850.0,1669067520000,15440.0,2022-10-28 00:00:00,buy,1h,-4
523,closed,0.0263,22.0,-0.09419313096457649,1667935380000,1667936700000,18071.0,18547.0,1667935920000,16800.0,2022-10-18 00:00:00,buy,15m,-4
571,closed,0.0305,22.0,-0.09781703944365384,1667935380000,1667936700000,18071.0,18621.5,1667935920000,16800.0,2022-10-24 00:00:00,buy,1h,-4
538,open,-0.0549,47797.0,-0.1800754075726196,1667935380000,1670803200000,18071.0,18831.0,1669067520000,15440.0,2022-10-20 00:00:00,buy,1h,-4
555,closed,0.0305,22.0,-0.09781703944365384,1667935380000,1667936700000,18071.0,18621.5,1667935920000,16800.0,2022-10-22 00:00:00,buy,1h,-4
611,open,-0.0549,47797.0,-0.18090185676392573,1667935380000,1670803200000,18071.0,18850.0,1669067520000,15440.0,2022-10-30 00:00:00,buy,1h,-4
652,closed,0.0305,22.0,-0.09781703944365384,1667935380000,1667936700000,18071.0,18621.5,1667935920000,16800.0,2022-11-05 00:00:00,buy,4h,-4
625,open,-0.0549,47797.0,-0.18090185676392573,1667935380000,1670803200000,18071.0,18850.0,1669067520000,15440.0,2022-11-01 00:00:00,buy,1h,-4
668,closed,0.0305,22.0,-0.09781703944365384,1667935380000,1667936700000,18071.0,18621.5,1667935920000,16800.0,2022-11-07 00:00:00,buy,4h,-4
585,closed,0.0305,22.0,-0.09781703944365384,1667935380000,1667936700000,18071.0,18621.5,1667935920000,16800.0,2022-10-26 00:00:00,buy,1h,-4
0,open,-0.0297,47792.0,-0.18166158738571617,1667935680000,1670803200000,17600.0,18867.5,1669067520000,15440.0,2022-08-01 00:00:00,buy,4h,-4
283,closed,0.0484,17.0,-0.08948024497317218,1667935680000,1667936700000,17600.0,18451.0,1667935920000,16800.0,2022-09-10 00:00:00,buy,4h,-4
46,open,-0.0297,47792.0,-0.24183648416400688,1667935680000,1670803200000,17600.0,20365.0,1669067520000,15440.0,2022-08-07 00:00:00,buy,4h,-4
66,open,-0.0297,47792.0,-0.24183648416400688,1667935680000,1670803200000,17600.0,20365.0,1669067520000,15440.0,2022-08-09 00:00:00,buy,4h,-4
84,open,-0.0297,47792.0,-0.24183648416400688,1667935680000,1670803200000,17600.0,20365.0,1669067520000,15440.0,2022-08-11 00:00:00,buy,4h,-4
101,open,-0.0297,47792.0,-0.24183648416400688,1667935680000,1670803200000,17600.0,20365.0,1669067520000,15440.0,2022-08-13 00:00:00,buy,4h,-4
117,open,-0.0297,47792.0,-0.24183648416400688,1667935680000,1670803200000,17600.0,20365.0,1669067520000,15440.0,2022-08-15 00:00:00,buy,4h,-4
132,open,-0.0297,47792.0,-0.24183648416400688,1667935680000,1670803200000,17600.0,20365.0,1669067520000,15440.0,2022-08-17 00:00:00,buy,4h,-4
144,open,-0.0297,47792.0,-0.24183648416400688,1667935680000,1670803200000,17600.0,20365.0,1669067520000,15440.0,2022-08-19 00:00:00,buy,4h,-4
149,open,-0.0297,47792.0,-0.24183648416400688,1667935680000,1670803200000,17600.0,20365.0,1669067520000,15440.0,2022-08-21 00:00:00,buy,4h,-4
158,open,-0.0297,47792.0,-0.24183648416400688,1667935680000,1670803200000,17600.0,20365.0,1669067520000,15440.0,2022-08-23 00:00:00,buy,4h,-4
169,open,-0.0297,47792.0,-0.24183648416400688,1667935680000,1670803200000,17600.0,20365.0,1669067520000,15440.0,2022-08-25 00:00:00,buy,4h,-4
181,open,-0.0297,47792.0,-0.2312671147622604,1667935680000,1670803200000,17600.0,20085.0,1669067520000,15440.0,2022-08-27 00:00:00,buy,4h,-4
193,open,-0.0297,47792.0,-0.20720905753382454,1667935680000,1670803200000,17600.0,19475.5,1669067520000,15440.0,2022-08-29 00:00:00,buy,4h,-4
207,open,-0.0297,47792.0,-0.20720905753382454,1667935680000,1670803200000,17600.0,19475.5,1669067520000,15440.0,2022-08-31 00:00:00,buy,4h,-4
222,open,-0.0297,47792.0,-0.20720905753382454,1667935680000,1670803200000,17600.0,19475.5,1669067520000,15440.0,2022-09-02 00:00:00,buy,4h,-4
236,open,-0.0297,47792.0,-0.1966492364525612,1667935680000,1670803200000,17600.0,19219.5,1669067520000,15440.0,2022-09-04 00:00:00,buy,4h,-4
252,open,-0.0297,47792.0,-0.1966492364525612,1667935680000,1670803200000,17600.0,19219.5,1669067520000,15440.0,2022-09-06 00:00:00,buy,4h,-4
268,closed,0.0484,17.0,-0.08948024497317218,1667935680000,1667936700000,17600.0,18451.0,1667935920000,16800.0,2022-09-08 00:00:00,buy,4h,-4
29,open,-0.0297,47792.0,-0.24183648416400688,1667935680000,1670803200000,17600.0,20365.0,1669067520000,15440.0,2022-08-05 00:00:00,buy,4h,-4
15,open,-0.0297,47792.0,-0.18166158738571617,1667935680000,1670803200000,17600.0,18867.5,1669067520000,15440.0,2022-08-03 00:00:00,buy,4h,-4
678,open,-0.0449,46969.0,-0.1990039427267068,1667985060000,1670803200000,17880.0,19276.0,1669067520000,15440.0,2022-11-09 00:00:00,buy,1m,-3
677,closed,0.0643,1103.0,-0.13531879194630872,1668015420000,1668081600000,16800.0,17880.0,1668031680000,15460.5,2022-11-09 00:00:00,buy,1m,-4
682,closed,0.007,49.0,-0.016197542051311093,1668125460000,1668128400000,17534.5,17657.0,1668125940000,17371.0,2022-11-11 00:00:00,buy,1m,-2
683,closed,0.0069,14.0,-0.007927229176765804,1668129360000,1668130200000,17657.0,17534.5,1668129540000,17673.5,2022-11-11 00:00:00,sell,1m,2
681,open,-0.0145,44546.0,-0.11945022669594228,1668130440000,1670803200000,17329.0,17534.5,1669067520000,15440.0,2022-11-11 00:00:00,buy,1m,-3
680,closed,0.0141,107.0,-0.026054590570719603,1668132780000,1668139200000,17087.5,17329.0,1668137700000,16877.5,2022-11-11 00:00:00,buy,1m,-4
688,closed,0.0024,43.0,-0.006738223017292785,1668298620000,1668301200000,16810.5,16770.0,1668299460000,16883.0,2022-11-13 00:00:00,sell,1m,-2
689,closed,0.0036,29.0,-0.0043127807025371044,1668299460000,1668301200000,16871.0,16810.5,1668299460000,16883.0,2022-11-13 00:00:00,sell,1m,2
690,closed,0.0027,10.0,-0.004297314919091933,1668308520000,1668309120000,16917.0,16871.0,1668308520000,16943.5,2022-11-13 00:00:00,sell,1m,3
687,closed,0.0024,1287.0,-0.055054876416525386,1668321180000,1668398400000,16770.0,16810.5,1668391920000,15885.0,2022-11-13 00:00:00,buy,1m,-3
686,closed,0.0012,13.0,-0.0073047107930828865,1668322020000,1668322800000,16750.5,16770.0,1668322800000,16647.5,2022-11-13 00:00:00,buy,1m,-4
685,closed,0.014,1134.0,-0.05167009940001791,1668330360000,1668398400000,16520.0,16750.5,1668391920000,15885.0,2022-11-13 00:00:00,buy,15m,-3
691,closed,0.0018,32.0,-0.01749719217355323,1668431580000,1668433500000,16948.0,16917.0,1668432480000,17213.0,2022-11-13 00:00:00,sell,1m,4
697,closed,0.0062,13.0,-0.006390255610224409,1668471420000,1668472200000,16563.0,16666.0,1668471420000,16559.5,2022-11-15 00:00:00,buy,1m,2
698,closed,0.0062,15.0,-0.0067620600132826175,1668472200000,1668473100000,16666.0,16563.0,1668472200000,16675.0,2022-11-15 00:00:00,sell,1m,3
699,closed,0.0068,12.0,-0.008040321612864514,1668476880000,1668477600000,16780.0,16666.0,1668476880000,16800.0,2022-11-15 00:00:00,sell,1m,4
696,closed,0.0122,371.0,-0.04075348668719435,1668980940000,1669003200000,16364.0,16563.0,1669001100000,15888.0,2022-11-15 00:00:00,buy,1m,-2
695,closed,0.006,7.0,-0.008799804448790027,1668981180000,1668981600000,16267.0,16364.0,1668981480000,16220.0,2022-11-15 00:00:00,buy,1m,-3
694,closed,0.0061,38.0,-0.01023544599495912,1668989220000,1668991500000,16169.0,16267.0,1668989220000,16100.5,2022-11-15 00:00:00,buy,1m,-4
693,closed,0.0458,128.0,-0.045086276207557674,1669067520000,1669075200000,15460.5,16169.0,1669067520000,15440.0,2022-11-15 00:00:00,buy,15m,-4
684,closed,0.0685,1568.0,-0.06537530266343826,1669067520000,1669161600000,15460.5,16520.0,1669067520000,15440.0,2022-11-13 00:00:00,buy,15m,-4
679,closed,0.1052,11648.0,-0.0964155084125823,1669067520000,1669766400000,15460.5,17087.5,1669067520000,15440.0,2022-11-11 00:00:00,buy,15m,-4
692,closed,0.0167,2.0,-0.018999291951852727,1669849080000,1669849200000,17235.0,16948.0,1669849080000,17270.0,2022-11-13 00:00:00,sell,15m,-2
700,closed,0.0252,2.0,-0.029201430274135878,1669849080000,1669849200000,17213.0,16780.0,1669849080000,17270.0,2022-11-15 00:00:00,sell,15m,2
